city_official,rh_records,active_records,average_remuneration_brl,median_remuneration_brl,p90_remuneration_brl,female_share_pct,avg_age,inactive_records,active_share_pct,city,demonym,population_last_census,population_estimated,population_density,formal_jobs,formal_jobs_avg_salary_min_wage,infant_mortality_per_thousand,gdp_per_capita_brl,school_attendance_6_14_pct,diarrhea_hospitalizations_per_100k,city_key,rh_records_per_1k_est_pop
Curitiba,123113,27558,2391.2633918171405,0.0,8748.0,57.62592090193562,46.464194041004646,95555,22.384313598076563,Curitiba,paranaense,1773718,1830795,4078.53,1227816,3.6,7.9,67691.3,98.48,31.9,CURITIBA,67.2456501137484
Londrina,35948,10520,3292.1662086903307,0.0,11402.116999999998,60.71825970846779,45.77762323355959,25428,29.264493156782017,Londrina,paranaense,555965,581382,336.42,242760,2.6,11.81,50362.05,98.47,24.1,LONDRINA,61.83197966225305
Cascavel,24590,7350,3190.6506209841396,0.0,10806.212000000005,67.94225294835299,43.26605392655252,17240,29.890199267995122,Cascavel,paranaense,348051,368195,166.44,159376,2.5,11.24,55176.33,99.15,15.4,CASCAVEL,66.78526324366165
Maringá,24299,7574,3842.529749372402,0.0,12828.28,60.83789456356229,45.714967694143795,16725,31.170006996172685,Maringá,paranaense,409657,429660,841.16,241694,2.7,10.82,67903.99,99.3,12.2,MARINGA,56.55401945724527
Ponta Grossa,20520,5920,2877.9084390838207,0.0,9649.32,64.88304093567251,44.89152046783626,14600,28.84990253411306,Ponta Grossa,paranaense,358371,375632,174.41,131282,2.5,7.78,71387.82,99.12,1.6,PONTA GROSSA,54.62793372236657
Guarapuava,12780,3804,3110.8794381846633,0.0,10453.815000000002,64.13928012519563,42.76921270934419,8976,29.765258215962444,Guarapuava,paranaense,182093,189630,57.48,62767,2.6,14.25,54170.74,98.85,53.0,GUARAPUAVA,67.39439962031324
Foz do Iguaçu,12489,2795,1748.2426159019938,0.0,7841.864000000007,63.85619345023621,43.4523981103371,9694,22.379694130835134,Foz do Iguaçu,paranaense,285415,297352,468.51,94107,2.7,9.26,59468.67,98.28,45.0,FOZ DO IGUACU,42.00072641179477
São José dos Pinhais,10595,2297,1620.6035431807456,0.0,6892.4500000000035,68.43794242567249,42.69787635677206,8298,21.680037753657384,São José dos Pinhais,paranaense,329628,349880,348.28,146637,3.1,7.8,103019.05,99.06,6.7,SAO JOSE DOS PINHAIS,30.281810906596547
Paranaguá,10031,2729,2856.431070680889,0.0,9636.32,62.80530355896721,44.93320705811983,7302,27.205662446416113,Paranaguá,paranaense,145829,150104,177.23,51567,2.7,7.66,104860.51,98.86,16.0,PARANAGUA,66.82699994670362
Toledo,7771,1660,1689.7528979539313,0.0,7691.3,71.16201261098958,42.94505211684468,6111,21.36147214000772,Toledo,paranaense,150470,160701,125.6,78919,2.3,8.81,63192.47,99.68,30.3,TOLEDO,48.356886391497255
Apucarana,7180,1578,2033.837160167131,0.0,8026.214000000005,66.90807799442896,44.27158774373259,5602,21.977715877437326,Apucarana,paranaense,130134,134910,233.64,48586,2.0,9.68,37146.42,99.57,88.6,APUCARANA,53.22066562893781
Paranavaí,7133,1853,2171.0050806112436,0.0,8176.61,64.82545913360438,44.562815479528886,5280,25.97784943221646,Paranavaí,paranaense,92001,96209,76.52,32172,2.2,14.15,45540.43,98.33,6.3,PARANAVAI,74.14067291001882
Piraquara,7116,1568,2005.222075604272,0.0,9049.46,54.70770095559303,45.905986509274875,5548,22.034851039910063,Piraquara,paranaense,118730,127433,522.94,14015,2.4,13.0,16015.58,99.19,0.0,PIRAQUARA,55.84110866102187
Colombo,6682,1522,1562.4356001197245,0.0,6658.19,68.15324753067944,42.985782699790484,5160,22.7776114935648,Colombo,paranaense,232212,241672,1175.28,58289,2.4,11.51,32853.49,98.49,0.8,COLOMBO,27.6490449865934
Francisco Beltrão,6541,1759,2335.612476685522,0.0,9049.46,68.30759822657086,42.910717015746826,4782,26.891912551597613,Francisco Beltrão,paranaense,96666,102312,131.5,41550,2.3,14.31,46814.84,98.78,70.1,FRANCISCO BELTRAO,63.93189459691923
Umuarama,6002,1429,2109.683413862046,0.0,7983.94,70.74308563812063,45.66661112962346,4573,23.80873042319227,Umuarama,paranaense,117095,123059,94.85,45179,2.1,13.13,43528.72,99.19,25.4,UMUARAMA,48.77335261947521
Fazenda Rio Grande,5960,1049,1208.6377466442952,0.0,6313.62,67.73489932885906,39.7741610738255,4911,17.600671140939596,Fazenda Rio Grande,paranaense,148873,165943,1275.93,28486,2.4,7.7,27805.32,99.08,0.6,FAZENDA RIO GRANDE,35.915947042056615
Jacarezinho,5941,1472,2499.255430062279,0.0,8694.86,58.744319138192225,44.500252482747015,4469,24.77697357347248,Jacarezinho,paranaense,40375,41493,67.01,13132,2.3,17.82,48470.43,100.0,26.6,JACAREZINHO,143.1807774805389
Campo Mourão,5673,1389,2274.9953816322936,0.0,8680.682000000003,65.83818085668959,44.384628944121275,4284,24.48439978847171,Campo Mourão,paranaense,99432,104122,132.64,38671,2.6,6.88,60261.36,99.15,14.5,CAMPO MOURAO,54.4841628090125
Irati,4988,858,1372.7953849238172,0.0,6326.926000000001,67.68243785084202,41.678564267094444,4130,17.201283079390535,Irati,paranaense,59250,61004,59.28,17104,2.1,7.79,47529.86,99.85,70.7,IRATI,81.76513015539965
Araucária,4608,983,1435.9458767361111,0.0,6658.19,69.22743055555556,41.377170138888886,3625,21.33246527777778,Araucária,paranaense,151666,162247,323.22,62589,3.2,9.46,224671.66,99.26,21.2,ARAUCARIA,28.40114146948788
Campo Largo,4603,1324,2218.1903128394524,0.0,8651.49,75.05974364544862,42.34694764284163,3279,28.76384966326309,Campo Largo,paranaense,136327,144504,109.63,42296,2.4,10.08,51863.48,99.35,42.7,CAMPO LARGO,31.853789514477107
Pinhais,4568,1060,1720.3448292469352,0.0,7384.68,66.83450087565674,44.601357267950966,3508,23.204903677758317,Pinhais,paranaense,127019,131255,2086.76,62598,2.5,9.11,77567.93,98.66,45.7,PINHAIS,34.8024837149061
Arapongas,4563,860,1343.2878807801883,0.0,6463.850000000001,74.40280517203594,43.62941047556432,3703,18.847249616480386,Arapongas,paranaense,119138,124838,311.7,49622,2.2,11.5,47973.54,96.34,53.3,ARAPONGAS,36.55137057626684
Pato Branco,4256,1216,2532.268529135338,0.0,8694.86,70.6062030075188,44.276785714285715,3040,28.57142857142857,Pato Branco,paranaense,91836,97821,170.35,45666,2.6,9.77,63350.93,98.67,71.4,PATO BRANCO,43.50804019586796
União da Vitória,4045,1063,2483.2012632880096,0.0,8998.609999999999,64.91965389369592,44.20914709517923,2982,26.279357231149568,União da Vitória,paranaense,55033,56560,76.43,19509,2.1,10.25,40400.71,98.74,94.0,UNIAO DA VITORIA,71.51697312588402
Castro,3983,620,1118.2327240773288,0.0,5659.46,71.90559879487823,41.246045694200355,3363,15.566156163695707,Castro,paranaense,73075,75644,28.87,22332,2.5,7.79,61820.06,98.92,2.7,CASTRO,52.6545396858971
Telêmaco Borba,3801,780,1579.4231675874769,0.0,6904.22,75.58537227045514,43.644041041831095,3021,20.520915548539858,Telêmaco Borba,paranaense,75042,77479,54.27,25652,3.0,10.97,85411.18,98.93,1.3,TELEMACO BORBA,49.05845454897456
Cambé,3663,743,1407.3011411411412,0.0,6658.19,71.7990717990718,43.30357630357631,2920,20.283920283920285,Cambé,paranaense,107208,110923,216.42,34736,2.4,10.93,63159.21,98.22,27.0,CAMBE,33.02290778287641
Sarandi,3649,656,1209.749599890381,0.0,5869.690000000003,72.51301726500411,43.32090983831186,2993,17.97752808988764,Sarandi,paranaense,118455,128106,1144.48,20707,2.1,12.89,20249.8,97.99,1.6,SARANDI,28.484224001998346
Cianorte,3504,832,1874.3313270547944,0.0,7738.740000000001,71.48972602739725,44.24172374429224,2672,23.74429223744292,Cianorte,paranaense,79527,82988,97.98,31986,2.0,12.28,50130.1,98.96,32.8,CIANORTE,42.22297199595122
Ivaiporã,3122,725,1989.2250864830237,0.0,8059.139000000002,72.67777065983344,43.2565663036515,2397,23.2222934016656,Ivaiporã,paranaense,32720,33566,74.88,9332,1.9,12.66,34910.34,99.92,44.7,IVAIPORA,93.010784722636
Cornélio Procópio,3114,799,2062.9384071933205,0.0,7849.208000000008,67.8548490687219,46.2893384714194,2315,25.658317276814387,Cornélio Procópio,paranaense,45206,45720,71.18,24609,1.8,10.92,52697.46,99.73,517.1,CORNELIO PROCOPIO,68.11023622047243
Almirante Tamandaré,3044,651,1501.360167542707,0.0,6661.7530000000015,66.03153745072274,42.576544021024965,2393,21.386333771353485,Almirante Tamandaré,paranaense,119825,125861,616.93,19526,2.0,6.57,18715.79,98.36,0.0,ALMIRANTE TAMANDARE,24.18541088979112
Lapa,2909,882,2377.1314369199035,0.0,8906.09,68.40838776211756,43.084221381918184,2027,30.31969749054658,Lapa,paranaense,45003,45878,21.49,11612,2.2,13.08,58830.87,99.21,8.7,LAPA,63.40729761541479
Palmas,2908,390,880.1472248968363,0.0,4660.73,76.68500687757908,41.49724896836314,2518,13.411279229711143,Palmas,paranaense,48247,50238,30.97,13803,2.1,17.65,35819.06,97.91,188.4,PALMAS,57.88446992316573
Marechal Cândido Rondon,2815,501,1270.939271758437,0.0,6158.83,74.03197158081704,41.63232682060391,2314,17.797513321492005,Marechal Cândido Rondon,paranaense,55836,58734,74.87,23593,2.4,9.43,70187.82,98.07,17.2,MARECHAL CANDIDO RONDON,47.927946334320836
Laranjeiras do Sul,2761,689,1831.3584462151393,0.0,7902.46,70.0108656283955,40.86200651937704,2072,24.954726548352046,Laranjeiras do Sul,paranaense,32227,33179,47.84,8320,2.0,14.52,38195.42,98.79,99.7,LARANJEIRAS DO SUL,83.21528677778113
Pitanga,2723,602,1629.1852699228793,0.0,7285.078000000003,72.78736687477047,40.981270657363204,2121,22.10796915167095,Pitanga,paranaense,33567,34527,20.18,8390,2.1,7.48,43017.52,98.85,226.0,PITANGA,78.86581515915081
Rolândia,2568,463,1322.712527258567,0.0,6658.19,74.76635514018692,42.03232087227414,2105,18.029595015576323,Rolândia,paranaense,71670,75818,156.14,30618,2.3,12.89,64220.79,99.03,52.0,ROLANDIA,33.87058482154633
Ibaiti,2521,465,1306.1215470051566,0.0,6238.41,75.64458548195161,42.2070606902023,2056,18.44506148353828,Ibaiti,paranaense,28830,29464,32.1,8927,1.8,16.91,42887.86,99.26,34.0,IBAITI,85.5620418137388
Dois Vizinhos,2496,493,1510.7674599358975,0.0,7289.005,77.88461538461539,40.817708333333336,2003,19.751602564102562,Dois Vizinhos,paranaense,44869,47589,107.18,20397,2.3,11.2,58150.9,99.79,6.4,DOIS VIZINHOS,52.44909537918427
Prudentópolis,2482,466,1315.923162771958,0.0,6088.708000000001,76.71232876712328,39.425060435132956,2016,18.77518130539887,Prudentópolis,paranaense,49393,50946,21.98,10722,2.0,9.38,38587.32,99.79,101.1,PRUDENTOPOLIS,48.718250696816234
Ibiporã,2405,399,1202.0535925155925,0.0,6042.225999999998,66.11226611226611,43.74885654885655,2006,16.590436590436592,Ibiporã,paranaense,51603,53276,173.31,18520,2.4,12.72,78248.45,99.41,47.1,IBIPORA,45.142277948794955
São Mateus do Sul,2403,431,1215.2814190595088,0.0,5949.750000000002,76.40449438202246,40.86225551394091,1972,17.93591344153142,São Mateus do Sul,paranaense,42366,43490,31.58,13077,2.2,9.86,45653.17,98.93,16.1,SAO MATEUS DO SUL,55.254081398022535
Assis Chateaubriand,2342,492,1496.060730145175,0.0,7275.29,79.59009393680616,44.70324508966695,1850,21.007685738684884,Assis Chateaubriand,paranaense,36808,38357,37.53,12090,2.0,13.73,55252.41,99.74,157.5,ASSIS CHATEAUBRIAND,61.057955523111815
Nova Laranjeiras,2322,258,670.8414254952627,0.0,2665.81,71.18863049095607,35.641257536606375,2064,11.11111111111111,Nova Laranjeiras,paranaense,12074,12298,9.98,1114,2.2,5.62,31337.75,99.4,0.0,NOVA LARANJEIRAS,188.8111888111888
Bandeirantes,2319,577,2059.8266494178524,0.0,7868.604000000012,74.04053471323846,43.717550668391546,1742,24.88141440275981,Bandeirantes,paranaense,31273,31747,70.25,9623,2.0,2.8,43559.41,99.78,188.6,BANDEIRANTES,73.04627208870129
Ortigueira,2306,340,898.0956157849089,0.0,4732.99,66.91240242844752,38.26322636600173,1966,14.744145706851691,Ortigueira,paranaense,24192,24706,9.96,7645,3.6,8.4,148490.0,99.52,0.0,ORTIGUEIRA,93.33765077309155
Guaíra,2289,352,1047.836033202272,0.0,5327.574000000001,69.68108344255133,40.84185233726518,1937,15.377894276976845,Guaíra,paranaense,32097,33058,56.94,7420,2.1,8.77,44828.06,99.39,18.2,GUAIRA,69.24193841127716
Santo Antônio da Platina,2265,485,1654.3322869757174,0.0,7581.22,71.9205298013245,43.61456953642384,1780,21.41280353200883,Santo Antônio da Platina,paranaense,44369,45628,61.5,13921,1.9,5.21,41422.7,99.04,158.1,SANTO ANTONIO DA PLATINA,49.64057157885509
Medianeira,2252,437,1403.3327575488456,0.0,6787.573,78.68561278863233,41.509325044404974,1815,19.404973357015987,Medianeira,paranaense,54369,57910,165.39,26172,2.4,9.89,55318.22,90.75,82.3,MEDIANEIRA,38.887929545847
Pinhão,2234,292,914.2790823634735,0.0,4837.153000000004,76.00716204118174,39.10384959713518,1942,13.070725156669653,Pinhão,paranaense,29886,30451,14.93,4227,2.2,20.28,61938.97,98.19,0.0,PINHAO,73.36376473679026
Palmeira,2224,383,1202.0385926258994,0.0,5774.869000000003,75.04496402877699,39.91546762589928,1841,17.221223021582734,Palmeira,paranaense,33855,34948,23.03,10404,2.2,14.05,65573.86,98.41,28.7,PALMEIRA,63.63740414329862
Quedas do Iguaçu,2179,364,1236.8156998623222,0.0,6658.19,79.30243230839835,40.16521340064249,1815,16.704910509407984,Quedas do Iguaçu,paranaense,30738,31423,37.42,7201,2.0,15.45,62721.88,98.28,191.1,QUEDAS DO IGUACU,69.34411100149572
Arapoti,2178,259,782.0025895316804,0.0,3622.2779999999975,67.44719926538109,42.029384756657485,1919,11.891643709825528,Arapoti,paranaense,25777,26325,18.98,8243,2.4,19.83,63347.91,99.38,34.2,ARAPOTI,82.73504273504273
Manoel Ribas,2045,292,890.0416185819071,0.0,4161.38,71.19804400977995,37.164303178484104,1753,14.27872860635697,Manoel Ribas,paranaense,14240,14675,24.93,2877,2.3,14.02,46081.2,99.95,27.4,MANOEL RIBAS,139.3526405451448
Campina Grande do Sul,2024,378,1167.838685770751,0.0,5471.08,70.40513833992095,41.423418972332016,1646,18.675889328063242,Campina Grande do Sul,paranaense,47825,50600,88.69,15219,2.3,11.22,60047.41,99.44,152.1,CAMPINA GRANDE DO SUL,40.0
São Miguel do Iguaçu,1959,339,1122.9140939254721,0.0,5210.622000000002,79.07095456865748,38.59571209800919,1620,17.304747320061256,São Miguel do Iguaçu,paranaense,29122,30416,34.18,8957,2.2,4.89,50972.2,98.88,9.9,SAO MIGUEL DO IGUACU,64.40689110994214
Palotina,1933,358,1348.43975685463,0.0,6658.19,71.28815312984997,41.92033109156751,1575,18.520434557682357,Palotina,paranaense,35011,37039,53.76,21558,2.4,6.02,105626.67,98.98,232.1,PALOTINA,52.18823402359675
Jaguariaíva,1843,296,1176.2319316332068,0.0,5748.423999999998,76.66847531199132,42.74877916440586,1547,16.0607704829083,Jaguariaíva,paranaense,35141,36384,24.18,12023,2.2,8.37,58693.11,100.0,5.5,JAGUARIAIVA,50.65413368513633
Goioerê,1810,387,1607.5048397790054,0.0,7302.72,79.61325966850829,45.56132596685083,1423,21.38121546961326,Goioerê,paranaense,28437,30025,50.41,7462,2.1,15.72,46969.32,99.0,31.1,GOIOERE,60.283097418817654
Guaratuba,1758,470,1951.303196814562,0.0,8070.3,68.82821387940842,46.33219567690558,1288,26.7349260523322,Guaratuba,paranaense,42062,44913,31.7,10562,2.1,19.05,29027.37,98.46,2.3,GUARATUBA,39.14234186093113
Paiçandu,1746,309,1205.302560137457,0.0,6022.83,75.14318442153494,42.52577319587629,1437,17.697594501718214,Paiçandu,paranaense,45962,48695,268.19,10017,1.7,11.86,29205.9,99.64,4.1,PAICANDU,35.85583735496457
Cruzeiro do Oeste,1696,324,1467.104658018868,0.0,7187.885,59.84669811320755,45.23525943396226,1372,19.10377358490566,Cruzeiro do Oeste,paranaense,23831,24859,30.71,5284,1.9,26.92,45708.09,100.0,20.3,CRUZEIRO DO OESTE,68.2247878032101
Chopinzinho,1695,318,1261.436890855457,0.0,6101.218000000007,80.17699115044248,39.63657817109144,1377,18.761061946902654,Chopinzinho,paranaense,21085,21604,21.97,7295,2.3,22.15,56739.86,98.89,92.8,CHOPINZINHO,78.45769301981115
Clevelândia,1686,264,1132.2577461447213,0.0,6187.395,79.35943060498221,42.499406880189795,1422,15.658362989323843,Clevelândia,paranaense,15070,14833,21.42,3807,1.9,14.29,60754.81,88.72,801.3,CLEVELANDIA,113.66547562866582
Rio Bonito do Iguaçu,1654,177,652.669800483676,0.0,1417.2250000000054,74.42563482466747,37.49758162031439,1477,10.701330108827085,Rio Bonito do Iguaçu,paranaense,13929,14297,20.44,1573,2.1,10.36,36921.86,99.56,0.0,RIO BONITO DO IGUACU,115.688606001259
São Jerônimo da Serra,1652,192,653.7556234866828,0.0,2267.74,75.60532687651332,37.8910411622276,1460,11.62227602905569,São Jerônimo da Serra,paranaense,10830,10884,13.15,1262,2.2,24.69,32253.51,98.72,0.0,SAO JERONIMO DA SERRA,151.7824329290702
Capanema,1649,254,1032.9663493026076,0.0,6165.142000000002,78.89630078835658,39.619163129169195,1395,15.403274711946635,Capanema,paranaense,20481,21088,48.88,6415,2.1,15.33,77763.81,99.82,451.9,CAPANEMA,78.19613050075873
Cambará,1637,304,1376.8431887599265,0.0,6505.056000000003,70.31154551007941,43.814294441050706,1333,18.57055589492975,Cambará,paranaense,23212,23393,63.39,6008,2.1,12.35,42457.02,100.0,59.8,CAMBARA,69.97819860642072
Reserva,1600,225,981.1216562499999,0.0,5101.116,78.875,37.644375,1375,14.0625,Reserva,paranaense,24573,24878,15.02,4623,2.0,8.2,31106.12,98.0,0.0,RESERVA,64.31385159578744
Marialva,1584,325,1364.5372095959597,0.0,6515.036000000002,72.85353535353535,43.14078282828283,1259,20.517676767676768,Marialva,paranaense,41851,44749,88.0,13384,2.5,12.22,70837.51,99.28,0.0,MARIALVA,35.3974390489173
Rio Branco do Sul,1530,338,1588.3933071895424,0.0,6979.799000000005,76.27450980392156,40.54117647058823,1192,22.091503267973856,Rio Branco do Sul,paranaense,37558,40308,46.29,7828,2.3,7.55,49279.13,94.64,15.3,RIO BRANCO DO SUL,37.9577255135457
Rio Negro,1527,424,1920.7020956123117,0.0,7752.146000000003,66.27373935821873,44.0150622134905,1103,27.76686313032089,Rio Negro,paranaense,31324,31951,51.85,9634,2.3,14.45,46487.19,99.1,43.8,RIO NEGRO,47.79193139494851
Santo Antônio do Sudoeste,1464,209,948.5693784153005,0.0,4970.546000000004,76.70765027322405,39.290983606557376,1255,14.275956284153004,Santo Antônio do Sudoeste,paranaense,23673,24980,72.69,5794,1.8,14.81,33999.34,98.67,681.7,SANTO ANTONIO DO SUDOESTE,58.60688550840673
Antonina,1453,242,1195.8131727460427,0.0,5506.0779999999995,73.91603578802479,42.92842395044735,1211,16.655196145905023,Antonina,paranaense,18091,18140,20.29,3709,2.2,20.62,55368.68,99.12,11.0,ANTONINA,80.09922822491731
Mangueirinha,1446,206,956.9483609958506,0.0,4916.66,83.40248962655602,39.34993084370678,1240,14.246196403872752,Mangueirinha,paranaense,16603,16737,15.73,4157,2.3,10.49,112613.05,98.9,71.6,MANGUEIRINHA,86.39541136404372
Wenceslau Braz,1443,288,1469.3899584199585,0.0,7053.843999999996,74.2896742896743,42.577269577269576,1155,19.95841995841996,Wenceslau Braz,paranaense,19188,19398,48.22,4866,1.9,22.64,39986.24,100.0,92.6,WENCESLAU BRAZ,74.38911227961646
Cândido de Abreu,1437,171,711.554453723034,0.0,3329.1,74.80862908837857,38.290883785664576,1266,11.899791231732777,Cândido de Abreu,paranaense,15244,15081,10.09,1862,2.1,10.42,31175.22,98.78,39.3,CANDIDO DE ABREU,95.28545852397056
Assaí,1409,240,1157.1411426543648,0.0,6338.592000000003,75.1596877217885,40.3541518807665,1169,17.033356990773598,Assaí,paranaense,13797,13477,31.33,3417,1.8,,46183.5,97.56,7.3,ASSAI,104.54849002003414
Guaraqueçaba,1388,216,941.0022910662824,0.0,4814.607999999999,63.32853025936599,40.935158501440924,1172,15.561959654178676,Guaraqueçaba,paranaense,7430,7446,3.69,699,1.7,25.97,19660.96,98.38,0.0,GUARAQUECABA,186.4088100993822
Matinhos,1354,406,1984.452695716396,0.0,8041.49,71.04874446085671,45.38921713441654,948,29.98522895125554,Matinhos,paranaense,39259,42063,332.99,9878,2.1,24.67,29246.91,98.92,0.0,MATINHOS,32.18981052231177
Sengés,1334,190,1022.4149025487256,0.0,5186.651000000003,73.08845577211395,41.31559220389805,1144,14.24287856071964,Sengés,paranaense,17270,17256,11.98,5983,2.1,11.72,40007.2,99.34,0.0,SENGES,77.3064441353732
Mandaguari,1329,285,1578.5628367193376,0.0,7259.8,77.95334838224228,44.167795334838225,1044,21.44469525959368,Mandaguari,paranaense,36716,38313,109.33,16829,2.2,2.21,79434.03,98.39,0.0,MANDAGUARI,34.687964920523065
Turvo,1323,166,834.2505517762661,0.0,4557.2339999999995,76.5684051398337,37.29402872260015,1157,12.54724111866969,Turvo,paranaense,14231,14101,15.16,2907,2.3,14.49,49038.74,99.1,380.8,TURVO,93.82313311112688
Imbituva,1303,200,1100.3013123561013,0.0,5643.373999999996,75.82501918649271,38.58096699923254,1103,15.349194167306216,Imbituva,paranaense,29924,30849,39.55,9871,1.8,9.43,50241.2,99.12,0.0,IMBITUVA,42.23799799021038
Nova Esperança,1286,218,1208.0465552099533,0.0,6030.655000000001,78.0715396578538,42.41368584758943,1068,16.951788491446347,Nova Esperança,paranaense,26585,27142,66.2,7069,2.0,3.44,47150.58,98.0,3.7,NOVA ESPERANCA,47.380443592955565
Piraí do Sul,1271,210,1048.8849881982692,0.0,5079.49,76.31785995279307,42.26278520849725,1061,16.522423288749017,Piraí do Sul,paranaense,23651,23977,17.58,5731,2.6,6.76,60939.33,99.41,12.5,PIRAI DO SUL,53.00913375318013
Pontal do Paraná,1257,308,1744.7730867143994,0.0,7621.868000000001,69.37151949085123,45.35481304693715,949,24.502784407319016,Pontal do Paraná,paranaense,30425,33131,151.81,6928,2.0,19.89,26613.26,94.03,0.0,PONTAL DO PARANA,37.94029760647128
Carambeí,1256,187,940.8497531847134,0.0,4966.18,70.78025477707006,41.26035031847134,1069,14.888535031847134,Carambeí,paranaense,23283,24469,35.84,11031,2.5,13.97,85465.6,99.86,0.0,CARAMBEI,51.33025460787118
Tibagi,1253,171,854.7453790901835,0.0,4640.819999999995,74.38148443735035,39.39824421388667,1082,13.647246608140462,Tibagi,paranaense,19961,20374,6.7,3668,2.3,3.5,72572.74,99.32,49.3,TIBAGI,61.49995091783646
Colorado,1230,178,1015.4120975609756,0.0,5100.65,78.61788617886178,42.172357723577235,1052,14.471544715447154,Colorado,paranaense,22896,23313,56.18,9230,2.4,20.69,51174.35,99.08,25.8,COLORADO,52.7602625144769
Terra Roxa,1226,214,1069.5377732463296,0.0,5302.82,70.79934747145188,41.99021207177814,1012,17.45513866231648,Terra Roxa,paranaense,18119,18636,22.63,4309,2.0,20.66,50852.69,99.23,0.0,TERRA ROXA,65.78664949559992
Jandaia do Sul,1220,235,1412.871155737705,0.0,6409.768000000006,78.0327868852459,43.062295081967214,985,19.262295081967213,Jandaia do Sul,paranaense,21408,21930,114.12,8583,2.0,33.06,44978.71,95.8,155.6,JANDAIA DO SUL,55.63155494756042
Porecatu,1219,146,750.8098769483183,0.0,2779.686000000004,70.71369975389665,43.30516817063167,1073,11.977030352748153,Porecatu,paranaense,11624,11271,39.85,2638,1.7,,63054.76,98.36,17.5,PORECATU,108.15366870730192
Santa Helena,1192,274,1776.7431459731545,0.0,7900.437000000002,74.41275167785236,41.57969798657718,918,22.986577181208055,Santa Helena,paranaense,25492,26461,33.78,7042,2.5,3.02,64374.87,98.25,102.5,SANTA HELENA,45.04742829069196
Ubiratã,1189,262,1634.596173254836,0.0,7300.184000000005,78.97392767031118,43.14646464646464,927,22.03532380151388,Ubiratã,paranaense,24749,25732,37.92,10654,2.0,5.97,86060.93,99.32,109.7,UBIRATA,46.207057360484995
Corbélia,1188,158,949.2449074074074,0.0,5100.65,75.84175084175084,39.813131313131315,1030,13.299663299663301,Corbélia,paranaense,17470,17933,33.02,4486,2.2,,56867.78,98.66,285.5,CORBELIA,66.24658450900574
Loanda,1184,291,1903.5185050675677,0.0,7828.342,73.5641891891892,44.08192567567568,893,24.5777027027027,Loanda,paranaense,23225,23966,32.15,8491,1.9,20.76,39155.41,98.56,923.9,LOANDA,49.40332137194359
Santa Terezinha de Itaipu,1171,212,1362.5771135781383,0.0,6658.19,74.46626814688301,41.654995730145174,959,18.104184457728437,Santa Terezinha de Itaipu,paranaense,24262,25300,90.44,5128,2.1,19.23,31536.73,99.34,0.0,SANTA TEREZINHA DE ITAIPU,46.28458498023715
Mandirituba,1160,191,1104.0384310344828,0.0,5604.970000000002,78.10344827586206,39.41724137931035,969,16.46551724137931,Mandirituba,paranaense,27439,29104,72.36,6492,2.1,12.2,29207.79,98.47,7.0,MANDIRITUBA,39.857064321055525
Mandaguaçu,1141,225,1339.2029973707274,0.0,6035.29,73.09377738825592,42.19631901840491,916,19.71954425942156,Mandaguaçu,paranaense,31457,34521,106.99,7137,2.3,13.7,31643.51,98.63,0.0,MANDAGUACU,33.052344949451054
Astorga,1127,199,1306.1509671694764,0.0,6217.017999999996,83.40727595385981,43.391304347826086,928,17.657497781721386,Astorga,paranaense,25475,26203,58.59,7645,1.9,17.01,45723.88,98.28,3.8,ASTORGA,43.010342327214445
Siqueira Campos,1126,241,1496.198809946714,0.0,7009.09,71.75843694493783,41.41829484902309,885,21.403197158081706,Siqueira Campos,paranaense,22811,24031,82.04,9522,1.8,6.15,37311.87,99.32,345.8,SIQUEIRA CAMPOS,46.85614414714327
Altônia,1125,179,1024.6044177777778,0.0,5326.028,75.46666666666667,41.29244444444444,946,15.911111111111111,Altônia,paranaense,18742,18634,28.33,3960,1.8,4.9,29153.82,98.08,5.3,ALTONIA,60.373510786733924
Ampére,1113,185,1042.393692722372,0.0,5144.366000000003,82.38993710691824,39.5507637017071,928,16.621743036837376,Ampére,paranaense,19620,20337,65.76,6901,1.9,18.12,51028.26,94.47,9.9,AMPERE,54.72783596400649
Coronel Vivida,1086,259,1776.9281307550643,0.0,7419.325,80.47882136279927,41.39594843462247,827,23.848987108655617,Coronel Vivida,paranaense,23331,24010,34.09,6687,2.3,26.94,47552.24,99.54,83.8,CORONEL VIVIDA,45.23115368596419
Matelândia,1080,151,962.3392777777777,0.0,4836.1370000000015,77.31481481481481,40.74351851851852,929,13.981481481481481,Matelândia,paranaense,18450,19223,28.84,12342,1.9,4.07,78092.93,97.81,94.6,MATELANDIA,56.18269780991521
Candói,1064,135,939.8266353383459,0.0,4935.02,79.69924812030075,38.7171052631579,929,12.687969924812032,Candói,paranaense,14973,15174,9.9,3650,2.2,4.72,60204.94,99.65,39.5,CANDOI,70.119942006063
Bituruna,1061,166,1054.7302356267671,0.0,5284.64,72.66729500471254,37.89255419415645,895,15.645617342130066,Bituruna,paranaense,15533,15650,12.58,4816,2.0,7.72,42256.96,98.35,19.1,BITURUNA,67.79552715654951
Jardim Alegre,1060,181,1207.6944811320755,0.0,5910.339000000002,78.77358490566037,40.9188679245283,879,17.075471698113205,Jardim Alegre,paranaense,12004,12138,29.04,2578,2.3,16.67,35358.97,98.46,0.0,JARDIM ALEGRE,87.32904926676554
Guaraniaçu,1052,150,966.9352186311787,0.0,4820.384999999998,78.8022813688213,39.07509505703422,902,14.258555133079847,Guaraniaçu,paranaense,13735,13770,11.09,3317,2.0,28.17,43991.58,98.89,405.4,GUARANIACU,76.39796659404502
Itaperuçu,1048,211,1300.07731870229,0.0,6006.601000000001,77.00381679389314,40.13358778625954,837,20.13358778625954,Itaperuçu,paranaense,31217,33310,96.65,6100,1.6,16.67,25618.02,98.61,88.2,ITAPERUCU,31.462023416391474
Andirá,1032,178,1233.6410658914729,0.0,5989.422,78.29457364341084,42.01453488372093,854,17.248062015503876,Andirá,paranaense,19878,19989,84.25,5575,2.1,9.17,43322.9,99.54,184.6,ANDIRA,51.628395617589675
Realeza,1024,184,1292.0613671875,0.0,6570.557000000006,83.59375,41.6142578125,840,17.96875,Realeza,paranaense,19247,20097,54.46,6477,2.1,8.03,49825.25,98.02,0.0,REALEZA,50.95287853908544
Campina da Lagoa,1023,190,1256.1685923753666,0.0,6214.812,84.65298142717498,42.71163245356794,833,18.57282502443793,Campina da Lagoa,paranaense,15723,16014,19.74,3021,1.8,10.2,42893.99,98.55,0.0,CAMPINA DA LAGOA,63.881603596852756
Palmital,1008,168,1185.9144047619047,0.0,6210.8480000000045,82.63888888888889,41.11607142857143,840,16.666666666666664,Palmital,paranaense,13033,12879,15.94,2127,2.1,11.76,31211.59,99.21,0.0,PALMITAL,78.26694619147449
Faxinal,998,198,1395.989478957916,0.0,6507.991000000004,81.1623246492986,42.65130260521042,800,19.839679358717436,Faxinal,paranaense,16389,16596,22.89,3524,2.2,14.56,38140.13,99.29,0.0,FAXINAL,60.134972282477705
Capitão Leônidas Marques,988,160,1072.5672874493928,0.0,5439.58,86.33603238866397,39.892712550607285,828,16.194331983805668,Capitão Leônidas Marques,paranaense,14648,14776,52.3,4306,2.0,21.62,88764.32,99.28,33.8,CAPITAO LEONIDAS MARQUES,66.8651867893882
Tamarana,973,125,724.0139876670092,0.0,3329.1,67.52312435765673,37.12435765673176,848,12.846865364850975,Tamarana,paranaense,10707,10540,22.68,2281,2.3,23.39,44325.79,98.02,9.4,TAMARANA,92.31499051233396
Cafelândia,955,147,1035.7805968586388,0.0,5955.124000000001,79.26701570680629,40.46387434554974,808,15.392670157068064,Cafelândia,paranaense,18997,20145,69.1,12368,2.4,3.36,142008.42,99.11,35.3,CAFELANDIA,47.40630429386945
Três Barras do Paraná,954,131,898.345178197065,0.0,4628.402000000002,82.70440251572327,38.23270440251572,823,13.731656184486374,Três Barras do Paraná,paranaense,11135,11157,22.03,2478,2.2,,40731.89,99.24,312.6,TRES BARRAS DO PARANA,85.50685668190373
Cantagalo,943,168,1189.4071898197242,0.0,5704.382000000006,78.79109225874868,38.44644750795334,775,17.815482502651115,Cantagalo,paranaense,10933,10672,18.74,2036,1.9,22.35,35372.19,98.12,0.0,CANTAGALO,88.36206896551724
Santa Izabel do Oeste,943,131,1014.1181442205727,0.0,5390.982000000008,85.04772004241782,40.03605514316013,812,13.891834570519618,Santa Izabel do Oeste,paranaense,14070,14462,43.81,3130,2.1,6.13,36537.21,97.49,125.1,SANTA IZABEL DO OESTE,65.20536578619831
Ipiranga,941,114,738.4615515409139,0.0,3329.1,75.02656748140276,36.083953241232734,827,12.114771519659936,Ipiranga,paranaense,14142,14317,15.7,2425,2.2,13.7,54879.34,99.69,0.0,IPIRANGA,65.72605992875602
Santa Maria do Oeste,930,140,1051.810806451613,0.0,5186.451000000003,80.3225806451613,40.13333333333333,790,15.053763440860216,Santa Maria do Oeste,paranaense,9934,9869,11.87,1161,2.3,23.26,35195.52,99.13,0.0,SANTA MARIA DO OESTE,94.23447157766743
Iporã,926,145,1112.7316522678186,0.0,6013.355,75.05399568034558,42.46328293736501,781,15.658747300215984,Iporã,paranaense,15746,16102,24.3,4637,2.1,23.26,53982.44,100.0,99.6,IPORA,57.5083840516706
Campo Magro,896,211,1627.408325892857,0.0,6658.19,69.86607142857143,41.05357142857143,685,23.549107142857142,Campo Magro,paranaense,30160,31888,109.53,5046,2.3,2.93,23228.87,99.22,0.0,CAMPO MAGRO,28.098344204716508
Inácio Martins,892,114,810.8416928251122,0.0,4144.7329999999965,73.31838565022422,37.12107623318386,778,12.780269058295964,Inácio Martins,paranaense,9670,9555,10.33,2133,1.9,15.63,25847.91,98.66,0.0,INACIO MARTINS,93.35426478283621
Planalto,879,120,897.3030944254836,0.0,5100.65,83.95904436860067,37.948805460750854,759,13.651877133105803,Planalto,paranaense,14374,14722,41.51,2926,2.1,,36597.18,99.7,54.6,PLANALTO,59.70656160847711
São João do Triunfo,862,128,989.5184918793503,0.0,5140.2119999999995,75.29002320185614,38.55104408352668,734,14.849187935034802,São João do Triunfo,paranaense,13726,13899,19.05,1547,2.4,19.87,63813.74,100.0,0.0,SAO JOAO DO TRIUNFO,62.01885027699835
Cruz Machado,861,131,1124.9195702671313,0.0,5578.62,77.5842044134727,37.75842044134727,730,15.21486643437863,Cruz Machado,paranaense,15978,15759,10.81,2374,2.0,5.52,31791.46,99.36,25.1,CRUZ MACHADO,54.63544641157434
Ivaí,859,123,1002.4270896391153,0.0,4956.844000000002,82.30500582072176,37.36903376018626,736,14.318975552968569,Ivaí,paranaense,13229,13476,21.76,2176,1.6,14.71,53751.06,99.6,22.3,IVAI,63.742950430394785
Quatro Barras,857,172,1286.2817386231038,0.0,5652.47,70.94515752625438,41.62660443407235,685,20.070011668611436,Quatro Barras,paranaense,24191,25397,134.04,12085,3.3,12.4,96572.32,99.49,0.0,QUATRO BARRAS,33.74414300901681
General Carneiro,851,128,920.2912808460635,0.0,5100.65,80.96357226792009,41.0,723,15.041128084606346,General Carneiro,paranaense,11062,10691,10.33,2643,1.9,24.15,39531.18,98.76,0.0,GENERAL CARNEIRO,79.5996632681695
Querência do Norte,848,120,936.1113915094339,0.0,4979.087000000005,80.18867924528303,40.37146226415094,728,14.150943396226415,Querência do Norte,paranaense,10685,10625,11.68,1523,2.4,8.7,32030.3,96.96,37.4,QUERENCIA DO NORTE,79.81176470588235
Iretama,846,141,1038.9618203309692,0.0,5389.125,83.92434988179669,41.121749408983455,705,16.666666666666664,Iretama,paranaense,10684,10832,18.73,2113,2.3,21.58,38330.96,99.5,0.0,IRETAMA,78.10192023633678
Santa Mariana,838,167,1483.0426968973748,0.0,6782.004,68.73508353221956,46.10143198090692,671,19.928400954653938,Santa Mariana,paranaense,11066,10941,25.9,2051,2.3,8.85,44999.22,96.01,190.3,SANTA MARIANA,76.59263321451422
Engenheiro Beltrão,832,143,1271.9649879807691,0.0,6345.505,86.0576923076923,42.75600961538461,689,17.1875,Engenheiro Beltrão,paranaense,12454,12347,26.64,2997,2.1,17.24,56098.46,99.28,563.1,ENGENHEIRO BELTRAO,67.38478982748845
Morretes,824,175,1301.1207766990292,0.0,5973.483000000003,69.1747572815534,42.12864077669903,649,21.2378640776699,Morretes,paranaense,18309,19089,26.74,3772,2.0,26.6,29204.87,98.6,5.3,MORRETES,43.16622138404316
Rebouças,821,129,1163.661071863581,0.0,5595.33,80.02436053593179,40.07673568818514,692,15.712545676004872,Rebouças,paranaense,14514,14825,30.12,2756,1.9,9.76,43802.69,99.27,6.8,REBOUCAS,55.379426644182125
São João do Ivaí,821,166,1451.231827040195,0.0,6904.22,85.3836784409257,42.44457978075518,655,20.219244823386116,São João do Ivaí,paranaense,10667,10639,30.19,1953,1.9,23.08,38494.18,100.0,37.4,SAO JOAO DO IVAI,77.16890685214777
Ribeirão Claro,820,117,971.5733536585366,0.0,5080.486000000001,79.8780487804878,44.69634146341463,703,14.268292682926829,Ribeirão Claro,paranaense,12364,12856,19.65,3251,2.2,7.46,49315.87,100.0,156.6,RIBEIRAO CLARO,63.783447417548224
Contenda,816,141,1137.603075980392,0.0,5760.035,83.70098039215686,38.057598039215684,675,17.27941176470588,Contenda,paranaense,19128,20006,63.97,3229,2.2,4.24,32821.93,99.05,0.0,CONTENDA,40.78776367089873
Rio Azul,815,136,1080.855374233129,0.0,5297.87,78.03680981595093,39.05644171779141,679,16.687116564417177,Rio Azul,paranaense,14025,14174,23.41,2747,2.4,,71086.79,100.0,0.0,RIO AZUL,57.49964724142797
Alto Piquiri,814,136,1131.570036855037,0.0,6154.459000000001,82.92383292383292,45.03194103194103,678,16.707616707616708,Alto Piquiri,paranaense,9727,9771,21.73,1341,2.4,16.0,50230.67,99.04,0.0,ALTO PIQUIRI,83.30774741582233
Curiúva,809,130,1095.580086526576,0.0,5431.252000000001,80.22249690976514,39.7725587144623,679,16.069221260815823,Curiúva,paranaense,13647,13784,23.68,2166,2.0,11.76,24397.6,99.17,0.0,CURIUVA,58.6912362159025
Sertanópolis,799,123,1080.4573717146432,0.0,5341.924000000004,78.3479349186483,42.84355444305382,676,15.39424280350438,Sertanópolis,paranaense,15930,16210,31.51,5675,2.0,11.49,54232.95,99.66,6.2,SERTANOPOLIS,49.29056138186304
Roncador,798,113,927.9870927318295,0.0,5100.65,81.95488721804512,41.07518796992481,685,14.160401002506266,Roncador,paranaense,11251,11339,15.16,1818,2.4,6.71,56837.11,98.96,606.8,RONCADOR,70.37657641767352
Quitandinha,796,173,1442.9267462311557,0.0,6338.969999999999,78.14070351758794,38.10175879396985,623,21.733668341708544,Quitandinha,paranaense,18398,18882,41.16,2484,2.4,9.43,32311.04,98.56,95.6,QUITANDINHA,42.15655121279526
Santa Tereza do Oeste,790,142,1364.765911392405,0.0,6821.979000000002,76.0759493670886,40.43291139240506,648,17.974683544303797,Santa Tereza do Oeste,paranaense,13174,13938,40.39,3826,2.4,15.38,54145.66,99.26,0.0,SANTA TEREZA DO OESTE,56.67958100157842
Salto do Lontra,773,170,1503.2946442432083,0.0,7020.586,84.47606727037517,39.54592496765847,603,21.992238033635186,Salto do Lontra,paranaense,15223,15706,48.68,3675,1.7,6.33,41283.22,99.61,0.0,SALTO DO LONTRA,49.21685979880301
Terra Rica,771,150,1414.976990920882,0.0,6598.68,77.82101167315176,42.394293125810634,621,19.45525291828794,Terra Rica,paranaense,14842,14961,21.18,3598,2.3,12.66,36352.67,98.95,73.4,TERRA RICA,51.533988369761374
Nova Londrina,768,134,1235.3588932291666,0.0,6084.543000000002,72.91666666666666,45.221354166666664,634,17.447916666666664,Nova Londrina,paranaense,12923,13074,47.97,5408,2.0,6.67,55592.2,97.58,259.8,NOVA LONDRINA,58.74254245066545
Barracão,768,134,1152.2410286458332,0.0,5403.952000000007,83.59375,41.239583333333336,634,17.447916666666664,Barracão,paranaense,9759,9903,60.53,3273,2.0,16.53,33128.04,100.0,0.0,BARRACAO,77.55225689185096
Mamborê,759,104,999.8610144927536,0.0,5251.384,84.84848484848484,40.82345191040843,655,13.70223978919631,Mamborê,paranaense,13452,13551,17.07,2511,2.5,6.49,63873.13,99.21,0.0,MAMBORE,56.01062652202789
Coronel Domingos Soares,757,76,688.3528137384412,0.0,532.6519999999698,74.63672391017172,38.71598414795245,681,10.039630118890356,Coronel Domingos Soares,paranaense,5649,5427,3.63,1295,2.2,8.77,58230.22,98.77,0.0,CORONEL DOMINGOS SOARES,139.4877464529206
Boa Vista da Aparecida,751,104,893.6462716378162,0.0,4916.66,77.49667110519307,38.728362183754996,647,13.84820239680426,Boa Vista da Aparecida,paranaense,7924,8023,29.77,1546,1.8,9.01,28071.29,98.22,273.8,BOA VISTA DA APARECIDA,93.60588308612738
Barbosa Ferraz,750,138,1379.1777066666666,0.0,6658.19,78.13333333333333,42.42666666666667,612,18.4,Barbosa Ferraz,paranaense,10795,10580,20.04,1791,2.0,16.26,31695.71,97.97,0.0,BARBOSA FERRAZ,70.88846880907371
Imbaú,746,111,871.5076675603217,0.0,4924.465,77.88203753351206,39.1769436997319,635,14.87935656836461,Imbaú,paranaense,14249,15068,43.08,2041,2.1,6.58,22490.76,94.87,0.0,IMBAU,49.50889301831696
Missal,733,138,1220.4679126875853,0.0,6049.640000000001,81.44611186903138,40.29604365620737,595,18.826739427012278,Missal,paranaense,11064,11423,34.11,2805,2.5,,44894.11,100.0,1389.3,MISSAL,64.16878228136217
São Jorge d'Oeste,733,109,1018.86826739427,0.0,4816.360000000003,77.62619372442019,38.427012278308325,624,14.870395634379264,São Jorge d'Oeste,paranaense,9378,9587,24.71,2927,2.1,8.33,56677.43,100.0,0.0,SAO JORGE D'OESTE,76.45770313966831
Nova Aurora,732,82,869.1547131147541,0.0,3145.4009999999876,82.37704918032787,42.923497267759565,650,11.202185792349727,Nova Aurora,paranaense,13765,14331,29.25,4412,2.1,,75612.98,98.8,196.9,NOVA AURORA,51.078082478543024
Tapejara,730,108,1009.9298493150685,0.0,5269.919000000005,78.08219178082192,43.83972602739726,622,14.794520547945206,Tapejara,paranaense,15869,16326,26.83,5625,2.2,12.42,46073.66,100.0,0.0,TAPEJARA,44.713953203479115
Jaguapitã,728,94,881.6848626373626,0.0,4848.262000000004,84.47802197802197,41.61538461538461,634,12.912087912087914,Jaguapitã,paranaense,15122,15908,31.84,7598,2.2,4.93,96051.01,99.44,6.4,JAGUAPITA,45.763138043751574
Bela Vista do Paraíso,717,148,1643.8816457461644,0.0,7247.372,75.31380753138075,44.12831241283124,569,20.641562064156208,Bela Vista do Paraíso,paranaense,14833,14982,61.12,3446,1.9,10.64,38026.96,96.56,6.7,BELA VISTA DO PARAISO,47.857428914697635
Rosário do Ivaí,713,113,1035.0627489481067,0.0,5171.074000000006,70.68723702664796,40.13183730715288,600,15.848527349228611,Rosário do Ivaí,paranaense,5435,5484,14.4,765,1.9,35.71,30660.21,98.81,0.0,ROSARIO DO IVAI,130.01458789204958
Catanduvas,702,113,1236.5827635327635,0.0,6037.722999999999,77.77777777777779,38.706552706552706,589,16.096866096866098,Catanduvas,paranaense,10446,10621,18.0,1784,2.1,,39602.22,99.32,0.0,CATANDUVAS,66.09547123623011
Peabiru,701,132,1203.0421255349502,0.0,5765.56,78.60199714693296,41.76034236804565,569,18.830242510699,Peabiru,paranaense,13346,13494,28.48,2510,2.2,6.06,39764.19,99.37,0.0,PEABIRU,51.94901437676004
Carlópolis,696,143,1408.3121264367817,0.0,6658.19,74.71264367816092,42.74568965517241,553,20.545977011494255,Carlópolis,paranaense,16905,17788,37.45,3190,1.7,4.29,34061.74,98.51,0.0,CARLOPOLIS,39.127501686530245
Marmeleiro,695,137,1367.6546043165467,0.0,6602.932000000001,83.02158273381295,41.81726618705036,558,19.71223021582734,Marmeleiro,paranaense,15901,16605,41.02,4557,2.2,28.3,46437.51,98.9,0.0,MARMELEIRO,41.85486299307437
Joaquim Távora,694,134,1375.8635878962536,0.0,6649.700000000001,77.80979827089337,41.9956772334294,560,19.30835734870317,Joaquim Távora,paranaense,11945,12341,41.31,6375,1.9,17.65,73021.84,100.0,211.7,JOAQUIM TAVORA,56.235313183696626
Vera Cruz do Oeste,681,99,965.1715859030836,0.0,5100.65,81.93832599118943,43.40528634361233,582,14.537444933920703,Vera Cruz do Oeste,paranaense,8215,8178,25.12,1462,2.2,,40852.94,94.61,158.0,VERA CRUZ DO OESTE,83.27219369038885
Diamante do Norte,680,117,1278.3230294117648,0.0,6658.19,72.35294117647058,44.38970588235294,563,17.205882352941178,Diamante do Norte,paranaense,5142,5139,21.17,916,2.1,,80500.47,99.4,77.5,DIAMANTE DO NORTE,132.321463319712
Araruna,673,132,1310.471218424963,0.0,6189.6820000000025,78.90044576523032,43.12332838038633,541,19.61367013372957,Araruna,paranaense,14485,14894,29.37,3627,2.2,17.65,43548.25,99.36,6.7,ARARUNA,45.1859809319189
Santa Isabel do Ivaí,670,102,1021.649104477612,0.0,5952.216,79.40298507462687,42.83731343283582,568,15.223880597014924,Santa Isabel do Ivaí,paranaense,8912,9043,25.5,1837,2.1,12.5,32954.62,98.89,11.0,SANTA ISABEL DO IVAI,74.09045670684507
Mallet,665,105,1064.7019097744362,0.0,5135.014,87.81954887218045,37.463157894736845,560,15.789473684210526,Mallet,paranaense,13428,13681,17.66,4000,2.5,,72484.08,98.55,0.0,MALLET,48.60755792705212
Cerro Azul,662,130,1322.1835498489427,0.0,6133.217,74.32024169184291,40.13293051359516,532,19.637462235649547,Cerro Azul,paranaense,16134,16287,12.03,2092,2.1,10.87,23181.48,98.85,49.3,CERRO AZUL,40.64591391907656
Ribeirão do Pinhal,658,150,1622.0537537993919,0.0,7514.7140000000045,82.37082066869301,43.743161094224924,508,22.796352583586625,Ribeirão do Pinhal,paranaense,13060,13158,34.85,2145,2.1,6.54,37360.89,100.0,22.8,RIBEIRAO DO PINHAL,50.00759993920049
Teixeira Soares,657,72,690.5603805175037,0.0,3088.3879999999945,76.86453576864535,38.143074581430746,585,10.95890410958904,Teixeira Soares,paranaense,9547,9540,10.57,1940,2.1,23.62,66312.25,99.55,0.0,TEIXEIRA SOARES,68.86792452830188
Espigão Alto do Iguaçu,653,79,761.2899846860643,0.0,3262.516000000023,77.6416539050536,37.30781010719755,574,12.098009188361408,Espigão Alto do Iguaçu,paranaense,4797,4880,14.69,778,2.0,17.54,42057.85,99.77,0.0,ESPIGAO ALTO DO IGUACU,133.81147540983608
Pérola,652,118,1151.8225306748466,0.0,5824.754,79.9079754601227,40.82055214723926,534,18.098159509202453,Pérola,paranaense,11878,12389,50.29,2703,2.0,7.81,30647.08,97.6,8.1,PEROLA,52.62733069658568
Ivaté,646,70,747.4550464396285,0.0,358.935,80.80495356037152,42.10681114551084,576,10.8359133126935,Ivaté,paranaense,6831,6788,16.65,2111,2.3,13.89,41052.52,98.2,0.0,IVATE,95.16794342958161
Tomazina,645,106,1183.941519379845,0.0,5563.510000000001,77.05426356589146,39.665116279069764,539,16.434108527131784,Tomazina,paranaense,8426,8523,14.25,1535,1.9,11.49,41593.23,98.63,329.6,TOMAZINA,75.67757831749384
Céu Azul,645,98,969.4342945736435,0.0,4909.448,86.20155038759691,40.46976744186046,547,15.193798449612403,Céu Azul,paranaense,11087,11255,9.4,3532,2.2,26.32,96562.03,99.09,88.9,CEU AZUL,57.307863171923586
Jataizinho,634,89,978.0450473186121,0.0,5108.85,78.54889589905363,42.65615141955836,545,14.037854889589903,Jataizinho,paranaense,11813,11996,74.21,2010,2.1,6.33,25520.19,99.39,0.0,JATAIZINHO,52.850950316772256
Tijucas do Sul,633,112,1316.5401263823064,0.0,6304.474000000009,72.98578199052133,37.37124802527646,521,17.69352290679305,Tijucas do Sul,paranaense,17621,18458,26.23,3427,2.1,13.76,31449.71,98.61,10.9,TIJUCAS DO SUL,34.29407303066421
Santa Cruz de Monte Castelo,633,119,1359.9217219589257,0.0,6167.974000000001,78.83096366508688,42.851500789889414,514,18.799368088467613,Santa Cruz de Monte Castelo,paranaense,8613,8840,19.49,1763,1.8,30.93,44952.45,99.74,0.0,SANTA CRUZ DE MONTE CASTELO,71.60633484162895
Douradina,630,75,842.1585079365079,0.0,3855.1820000000075,79.84126984126985,43.074603174603176,555,11.904761904761903,Douradina,paranaense,9161,9631,21.78,3698,2.9,24.39,93783.39,96.95,0.0,DOURADINA,65.4137680407019
Terra Boa,630,140,1909.1735714285717,0.0,7951.304000000003,75.87301587301587,43.560317460317464,490,22.22222222222222,Terra Boa,paranaense,17568,18168,54.75,5454,1.9,32.79,40409.98,99.72,22.2,TERRA BOA,34.67635402906208
Fernandes Pinheiro,628,71,757.1459076433121,0.0,3495.55,79.77707006369427,38.318471337579616,557,11.305732484076433,Fernandes Pinheiro,paranaense,6255,6400,15.39,978,2.2,12.82,51786.1,97.48,0.0,FERNANDES PINHEIRO,98.125
Tuneiras do Oeste,623,91,1025.9001123595506,0.0,4857.038000000002,82.98555377207063,43.052969502407706,532,14.606741573033707,Tuneiras do Oeste,paranaense,8067,8067,11.54,1046,1.7,11.49,36881.29,99.42,0.0,TUNEIRAS DO OESTE,77.22821371017727
Marilândia do Sul,617,101,1087.3117341977309,0.0,5154.887999999998,74.39222042139384,40.77147487844408,516,16.369529983792543,Marilândia do Sul,paranaense,8677,8761,22.57,1590,2.1,,58806.98,100.0,0.0,MARILANDIA DO SUL,70.42575048510444
Nova Cantu,616,75,819.2874999999999,0.0,4679.21,86.52597402597402,44.8198051948052,541,12.175324675324676,Nova Cantu,paranaense,6790,6739,12.22,1010,2.1,,50327.72,99.38,58.8,NOVA CANTU,91.40822080427363
Boa Ventura de São Roque,608,66,700.8768092105263,0.0,478.5250000000411,73.35526315789474,37.95723684210526,542,10.855263157894738,Boa Ventura de São Roque,paranaense,6378,6241,10.28,1404,2.5,11.76,72838.58,99.8,0.0,BOA VENTURA DE SAO ROQUE,97.42028521070341
Paranacity,606,90,1081.0595379537954,0.0,5405.38,78.71287128712872,41.336633663366335,516,14.85148514851485,Paranacity,paranaense,9557,9549,27.41,2958,2.4,,54160.22,100.0,0.0,PARANACITY,63.462142632736416
Nova Tebas,605,119,1377.7158512396693,0.0,6616.500000000002,76.03305785123968,40.34380165289256,486,19.669421487603305,Nova Tebas,paranaense,6848,6852,12.55,886,2.0,11.36,34638.13,99.62,131.0,NOVA TEBAS,88.29538820782254
Congonhinhas,595,99,1171.6336470588235,0.0,5322.770000000001,86.21848739495799,41.852100840336135,496,16.63865546218487,Congonhinhas,paranaense,8320,8445,15.52,1279,2.1,11.24,37201.52,99.03,0.0,CONGONHINHAS,70.4558910597987
São João,594,113,1500.5483501683502,0.0,6658.19,88.04713804713805,41.48316498316498,481,19.023569023569024,São João,paranaense,11886,12297,30.63,4936,1.5,7.52,102656.75,98.49,0.0,SAO JOAO,48.304464503537446
Itapejara d'Oeste,593,99,1227.29173693086,0.0,6250.922000000001,87.01517706576728,40.51433389544688,494,16.694772344013494,Itapejara d'Oeste,paranaense,12344,12869,48.6,4817,2.1,,78624.87,98.43,0.0,ITAPEJARA D'OESTE,46.07972647447354
Laranjal,592,69,788.3250506756757,0.0,2940.3879999999895,77.87162162162163,38.10304054054054,523,11.655405405405405,Laranjal,paranaense,5600,5525,10.01,624,2.0,13.33,22407.71,99.75,0.0,LARANJAL,107.14932126696833
Lindoeste,589,70,878.8524448217316,0.0,4578.390000000004,82.51273344651952,37.82342954159593,519,11.884550084889643,Lindoeste,paranaense,5175,5217,14.91,995,2.4,,48127.01,100.0,153.1,LINDOESTE,112.90013417672992
Balsa Nova,589,106,1037.1903225806452,0.0,5100.65,65.70458404074702,39.41765704584041,483,17.996604414261462,Balsa Nova,paranaense,13395,13867,38.39,4817,2.6,6.54,97201.65,99.25,0.0,BALSA NOVA,42.47494050623783
São Pedro do Ivaí,588,110,1303.0755612244898,0.0,6203.56300000001,86.73469387755102,43.756802721088434,478,18.70748299319728,São Pedro do Ivaí,paranaense,8690,8514,26.93,2338,2.1,,52135.59,99.39,197.4,SAO PEDRO DO IVAI,69.06272022551093
Alto Paraná,587,117,1400.0838330494037,0.0,6786.864,80.06814310051107,41.6320272572402,470,19.931856899488924,Alto Paraná,paranaense,13909,14183,34.11,3025,2.0,24.84,40453.42,99.69,0.0,ALTO PARANA,41.387576676302615
Ventania,583,86,873.2006689536878,0.0,4764.964000000003,77.70154373927959,37.32590051457976,497,14.751286449399656,Ventania,paranaense,9681,9760,11.82,2458,2.0,23.81,39126.52,98.75,0.0,VENTANIA,59.73360655737705
Icaraíma,582,84,968.2855670103093,0.0,4023.479999999995,74.74226804123711,42.786941580756015,498,14.432989690721648,Icaraíma,paranaense,8991,9149,13.32,1507,2.2,26.55,36603.92,100.0,0.0,ICARAIMA,63.613509673188325
Reserva do Iguaçu,579,62,784.2028670120899,0.0,3393.3920000000144,79.96545768566494,38.76165803108808,517,10.708117443868739,Reserva do Iguaçu,paranaense,6553,6493,7.86,1117,2.1,10.53,39346.76,98.09,0.0,RESERVA DO IGUACU,89.17295549052825
Diamante D'Oeste,577,78,811.023136915078,0.0,4025.381999999991,64.64471403812824,39.27556325823224,499,13.518197573656845,Diamante D'Oeste,paranaense,4557,4513,14.74,623,2.3,43.48,29513.42,98.0,0.0,DIAMANTE D'OESTE,127.85286948814536
Grandes Rios,573,111,1460.5706806282722,0.0,6766.440000000005,82.19895287958116,41.017452006980804,462,19.3717277486911,Grandes Rios,paranaense,5641,5527,17.95,906,1.9,14.71,31475.87,97.03,0.0,GRANDES RIOS,103.67287859598336
Goioxim,569,52,681.8406854130052,0.0,0.0,77.68014059753953,35.667838312829524,517,9.13884007029877,Goioxim,paranaense,6566,6469,9.35,877,2.2,31.58,47001.54,98.74,0.0,GOIOXIM,87.95795331581388
Sapopema,568,82,986.9036091549295,0.0,4988.8600000000015,73.59154929577466,38.8362676056338,486,14.43661971830986,Sapopema,paranaense,6695,6778,9.88,1568,2.0,9.9,27337.32,98.32,0.0,SAPOPEMA,83.80053113012688
Uraí,566,120,1606.9376678445228,0.0,8041.49,82.15547703180212,43.28445229681979,446,21.20141342756184,Uraí,paranaense,10406,10308,43.76,1865,2.0,,37963.93,99.28,76.9,URAI,54.908808692277844
Mauá da Serra,559,57,558.8221645796065,0.0,0.0,72.09302325581395,39.493738819320214,502,10.196779964221825,Mauá da Serra,paranaense,9383,9689,86.62,3157,1.8,7.58,56188.01,99.24,0.0,MAUA DA SERRA,57.69429249664569
Piên,556,126,1468.2746223021581,0.0,6271.24,72.3021582733813,40.5863309352518,430,22.66187050359712,Piên,paranaense,13655,14409,53.59,3624,2.8,10.0,62484.45,98.6,63.5,PIEN,38.586994239711295
Adrianópolis,555,88,1003.1218558558559,0.0,5170.406000000001,73.87387387387388,40.65405405405406,467,15.855855855855856,Adrianópolis,paranaense,6256,6319,4.64,1465,2.6,,74669.0,99.64,0.0,ADRIANOPOLIS,87.8303529039405
Bocaiúva do Sul,552,76,928.9863768115941,0.0,4773.04,75.36231884057972,40.14492753623188,476,13.768115942028986,Bocaiúva do Sul,paranaense,13299,13405,16.11,3828,2.3,5.81,22971.54,98.99,7.2,BOCAIUVA DO SUL,41.178664677359194
Moreira Sales,549,111,1452.6285063752277,0.0,6863.135999999999,81.4207650273224,43.13661202185792,438,20.21857923497268,Moreira Sales,paranaense,11175,9949,31.59,1807,2.2,15.15,34192.25,100.0,0.0,MOREIRA SALES,55.181425268871244
Tupãssi,542,100,1280.619077490775,0.0,6467.365000000002,87.26937269372694,41.003690036900366,442,18.45018450184502,Tupãssi,paranaense,8077,8208,26.94,1573,2.5,27.03,64432.01,98.87,0.0,TUPASSI,66.03313840155946
São Sebastião da Amoreira,534,100,1456.5995692883896,0.0,7159.702,85.76779026217228,42.252808988764045,434,18.726591760299627,São Sebastião da Amoreira,paranaense,8063,8063,35.54,1571,1.7,11.36,34424.99,100.0,0.0,SAO SEBASTIAO DA AMOREIRA,66.22845094877837
Antônio Olinto,526,65,883.9109505703422,0.0,4241.455,83.26996197718631,36.72813688212928,461,12.357414448669202,Antônio Olinto,paranaense,7018,7048,14.94,830,2.2,14.49,40269.4,99.59,0.0,ANTONIO OLINTO,74.63110102156641
Figueira,523,105,1387.2471128107074,0.0,6311.952,87.18929254302104,39.30592734225621,418,20.076481835564053,Figueira,paranaense,8062,8129,62.13,1901,2.0,,23775.93,99.63,36.8,FIGUEIRA,64.33755689506704
Juranda,520,87,1168.1241923076923,0.0,5776.043,85.1923076923077,40.37307692307692,433,16.73076923076923,Juranda,paranaense,7771,7899,21.93,1498,1.9,22.22,63966.87,99.56,0.0,JURANDA,65.83111786302064
Pranchita,518,54,730.097915057915,0.0,20.26200000000077,82.04633204633205,39.22007722007722,464,10.424710424710424,Pranchita,paranaense,5737,5831,25.37,1843,2.1,,66007.87,99.54,222.9,PRANCHITA,88.83553421368548
Nova Prata do Iguaçu,516,108,1731.6870930232558,0.0,6849.424999999999,80.42635658914729,40.16860465116279,408,20.930232558139537,Nova Prata do Iguaçu,paranaense,12699,13340,36.02,2512,2.1,,44107.75,99.79,0.0,NOVA PRATA DO IGUACU,38.680659670164914
Pérola d'Oeste,511,78,1028.225107632094,0.0,5100.65,85.12720156555773,39.596868884540115,433,15.264187866927593,Pérola d'Oeste,paranaense,6221,6218,30.31,1500,2.1,,43479.73,100.0,0.0,PEROLA D'OESTE,82.18076551945963
Verê,509,81,1277.1951473477407,0.0,6059.5399999999945,81.53241650294696,38.37524557956778,428,15.913555992141454,Verê,paranaense,7932,8077,25.44,2189,2.1,20.2,76503.8,99.62,49.7,VERE,63.01844744335769
Sabáudia,503,94,1321.2055268389663,0.0,6658.19,79.72166998011929,41.46918489065607,409,18.687872763419485,Sabáudia,paranaense,8822,9511,46.35,5260,2.0,42.37,84033.62,99.78,0.0,SABAUDIA,52.88613184733467
Abatiá,496,80,1181.331995967742,0.0,5291.255,85.28225806451613,41.28629032258065,416,16.129032258064516,Abatiá,paranaense,7241,7233,31.66,893,2.2,,41039.39,94.88,0.0,ABATIA,68.57458869072308
Tunas do Paraná,488,51,740.8987909836065,0.0,585.7530000000222,82.17213114754098,37.471311475409834,437,10.450819672131148,Tunas do Paraná,paranaense,6219,6304,9.3,1866,1.9,17.09,22908.32,100.0,0.0,TUNAS DO PARANA,77.41116751269035
Enéas Marques,478,69,944.1351882845188,0.0,4827.19,83.47280334728033,40.20502092050209,409,14.435146443514643,Enéas Marques,paranaense,5999,6146,31.21,1553,2.4,,64920.82,100.0,0.0,ENEAS MARQUES,77.77416205662219
Braganey,477,65,1140.5225576519917,0.0,5746.130000000006,77.56813417190776,39.34591194968554,412,13.626834381551362,Braganey,paranaense,4854,4745,14.14,898,2.2,,53771.59,100.0,0.0,BRAGANEY,100.52687038988408
Cidade Gaúcha,477,104,1814.0694758909854,0.0,7735.034000000001,82.18029350104821,44.24737945492662,373,21.80293501048218,Cidade Gaúcha,paranaense,11467,11705,28.45,4356,2.4,14.71,54113.89,98.71,847.3,CIDADE GAUCHA,40.75181546347715
Centenário do Sul,469,100,1500.9720042643924,0.0,6658.19,87.63326226012794,44.49680170575693,369,21.321961620469082,Centenário do Sul,paranaense,10832,10903,29.13,1691,2.1,,34760.43,98.99,18.3,CENTENARIO DO SUL,43.01568375676419
Bom Jesus do Sul,467,51,882.993147751606,0.0,2536.766000000026,84.36830835117773,39.319057815845824,416,10.920770877944326,Bom Jesus do Sul,paranaense,3980,4072,22.6,841,1.9,,35783.31,100.0,0.0,BOM JESUS DO SUL,114.68565815324165
Primeiro de Maio,467,90,1413.3239400428265,0.0,6545.370000000002,84.36830835117773,43.775160599571734,377,19.271948608137045,Primeiro de Maio,paranaense,10082,10064,24.33,2023,2.3,9.52,45871.5,98.97,9.9,PRIMEIRO DE MAIO,46.40302066772655
Guamiranga,465,88,1141.9868817204301,0.0,5294.058,79.13978494623656,37.20215053763441,377,18.9247311827957,Guamiranga,paranaense,7856,7916,32.09,1254,1.9,,45451.12,100.0,0.0,GUAMIRANGA,58.74178878221324
Pinhalão,459,83,1242.7977777777778,0.0,6009.588,81.26361655773421,40.78649237472767,376,18.082788671023962,Pinhalão,paranaense,6566,6676,29.76,1116,1.7,,38365.93,100.0,0.0,PINHALAO,68.75374475733972
Rio Branco do Ivaí,457,65,950.694989059081,0.0,4950.548000000007,79.43107221006565,38.85776805251641,392,14.22319474835886,Rio Branco do Ivaí,paranaense,3808,3841,10.12,619,2.0,,45876.97,99.45,0.0,RIO BRANCO DO IVAI,118.9794324394689
Formosa do Oeste,455,87,1251.0921978021977,0.0,5870.672000000007,75.82417582417582,44.66153846153846,368,19.12087912087912,Formosa do Oeste,paranaense,7635,7763,27.67,1559,2.2,13.51,53117.03,100.0,709.1,FORMOSA DO OESTE,58.611361587015324
São José da Boa Vista,454,49,718.6518061674009,0.0,3139.1429999999896,81.05726872246696,38.93171806167401,405,10.79295154185022,São José da Boa Vista,paranaense,6040,6023,15.11,995,1.8,24.39,38516.72,98.24,16.5,SAO JOSE DA BOA VISTA,75.37771874481156
Itaipulândia,447,106,1635.4785458612976,0.0,7172.2840000000015,76.95749440715883,41.970917225950785,341,23.713646532438478,Itaipulândia,paranaense,11485,12116,34.71,4217,2.2,6.94,49349.2,100.0,0.0,ITAIPULANDIA,36.893364146583025
Doutor Ulysses,445,47,689.1752359550561,0.0,3329.1,71.68539325842697,36.26966292134831,398,10.561797752808989,Doutor Ulysses,paranaense,5697,5744,7.33,573,1.9,,20387.45,97.34,0.0,DOUTOR ULYSSES,77.47214484679665
Francisco Alves,442,68,1074.2064705882353,0.0,5474.486000000006,83.93665158371041,43.15158371040724,374,15.384615384615385,Francisco Alves,paranaense,8116,8573,25.21,1117,1.8,8.4,31307.33,99.34,0.0,FRANCISCO ALVES,51.55721451067304
Floresta,437,87,1331.6607551487414,0.0,6200.084000000002,81.00686498855835,44.67734553775744,350,19.908466819221967,Floresta,paranaense,10458,11522,66.1,1782,2.0,12.58,34828.85,99.6,26.7,FLORESTA,37.927443152230516
Cambira,433,87,1396.5848267898382,0.0,6550.62,75.98152424942263,43.11778290993072,346,20.092378752886837,Cambira,paranaense,9460,10045,57.41,2558,2.2,14.71,36931.02,99.51,0.0,CAMBIRA,43.106022896963665
Lidianópolis,432,77,1217.681712962963,0.0,6649.511000000002,78.93518518518519,39.31481481481482,355,17.824074074074073,Lidianópolis,paranaense,3938,3987,26.0,664,2.2,,37287.16,97.06,0.0,LIDIANOPOLIS,108.35214446952595
Florestópolis,430,88,1574.3973023255812,0.0,6900.377,86.04651162790698,45.234883720930235,342,20.46511627906977,Florestópolis,paranaense,11446,11653,46.37,3464,2.2,15.63,54502.22,97.18,25.8,FLORESTOPOLIS,36.90036900369004
Japurá,428,74,1322.1340420560748,0.0,6603.576000000001,83.64485981308411,44.0,354,17.289719626168225,Japurá,paranaense,9144,9393,55.36,2965,2.2,18.35,48327.59,100.0,416.9,JAPURA,45.56584690727137
Sertaneja,424,80,1462.8967688679245,0.0,6540.900999999999,79.48113207547169,45.50471698113208,344,18.867924528301888,Sertaneja,paranaense,5616,5654,12.63,1206,2.6,34.48,82925.93,100.0,0.0,SERTANEJA,74.99115670321896
Santana do Itararé,424,53,818.6889386792452,0.0,3466.6539999999995,83.25471698113208,40.820754716981135,371,12.5,Santana do Itararé,paranaense,5514,5646,21.94,880,1.8,,33377.18,99.06,0.0,SANTANA DO ITARARE,75.0974140984768
Saudade do Iguaçu,423,52,820.3599763593381,0.0,4283.610000000001,85.34278959810875,36.60283687943262,371,12.293144208037825,Saudade do Iguaçu,paranaense,6108,6413,40.16,1407,2.8,40.54,187201.61,98.52,0.0,SAUDADE DO IGUACU,65.95976921877435
Xambrê,422,76,1208.0204976303316,0.0,6658.19,69.90521327014217,44.19668246445497,346,18.009478672985782,Xambrê,paranaense,5798,5835,16.12,972,1.8,,23887.13,99.67,0.0,XAMBRE,72.32219365895457
Jesuítas,422,94,1679.5807819905212,0.0,7776.344000000002,83.88625592417061,44.40047393364929,328,22.274881516587676,Jesuítas,paranaense,10506,10954,42.45,1895,2.1,,52977.91,100.0,9.2,JESUITAS,38.52473982106993
Flor da Serra do Sul,420,47,724.8407380952381,0.0,2033.8340000000153,80.47619047619048,39.0452380952381,373,11.190476190476192,Flor da Serra do Sul,paranaense,4364,4342,17.07,1028,1.9,,47286.15,97.27,0.0,FLOR DA SERRA DO SUL,96.72961768770152
São Tomé,420,64,1125.0172619047619,0.0,5523.033000000001,82.38095238095238,42.99523809523809,356,15.238095238095239,São Tomé,paranaense,5232,5282,23.93,1090,2.2,,42277.13,99.68,0.0,SAO TOME,79.51533510034078
Rondon,417,74,1345.8809832134293,0.0,6702.188000000013,81.29496402877699,41.25419664268585,343,17.74580335731415,Rondon,paranaense,9097,9255,16.39,4090,2.1,,59221.26,99.6,1471.9,RONDON,45.05672609400324
Paraíso do Norte,417,84,1668.4940287769784,0.0,7952.162000000002,83.93285371702638,44.721822541966425,333,20.14388489208633,Paraíso do Norte,paranaense,13245,13728,64.75,5823,2.2,23.26,40273.86,100.0,0.0,PARAISO DO NORTE,30.375874125874123
Foz do Jordão,414,45,808.4252898550725,0.0,3381.8869999999993,73.91304347826086,37.93478260869565,369,10.869565217391305,Foz do Jordão,paranaense,4926,4893,20.93,958,1.7,,38120.67,97.49,0.0,FOZ DO JORDAO,84.61066830165542
Santa Fé,413,81,1885.5659564164648,0.0,7239.332,85.4721549636804,45.31719128329298,332,19.612590799031477,Santa Fé,paranaense,11378,11730,41.19,3502,1.8,7.19,39541.74,99.59,0.0,SANTA FE,35.20886615515772
Nova Esperança do Sudoeste,411,80,1233.2215571776155,0.0,6658.19,77.61557177615572,37.8978102189781,331,19.464720194647203,Nova Esperança do Sudoeste,paranaense,5597,5783,26.85,1401,2.1,10.75,35513.61,97.79,87.0,NOVA ESPERANCA DO SUDOESTE,71.07037869617845
Guaraci,405,54,907.6880987654321,0.0,4722.888000000004,77.28395061728395,42.980246913580245,351,13.333333333333334,Guaraci,paranaense,4748,4743,22.43,914,2.2,20.0,40499.33,96.09,0.0,GUARACI,85.38899430740038
Janiópolis,404,74,1363.2382425742574,0.0,6115.839999999998,88.36633663366337,42.396039603960396,330,18.316831683168317,Janiópolis,paranaense,5870,5807,17.49,880,2.0,16.13,57397.87,99.62,0.0,JANIOPOLIS,69.57120716376787
Tapira,400,60,1075.8245,0.0,5131.103000000003,74.75,43.0175,340,15.0,Tapira,paranaense,5745,5807,13.23,1080,2.1,18.18,32674.36,97.03,0.0,TAPIRA,68.88238333046323
Diamante do Sul,396,44,658.4643686868687,0.0,1858.845,67.42424242424242,37.542929292929294,352,11.11111111111111,Diamante do Sul,paranaense,3171,3147,9.13,443,1.8,,27043.14,100.0,0.0,DIAMANTE DO SUL,125.83412774070543
Borrazópolis,395,104,1687.857493670886,0.0,7183.160000000004,90.88607594936708,45.60506329113924,291,26.329113924050635,Borrazópolis,paranaense,7735,7818,23.13,1434,1.9,13.7,38327.77,100.0,0.0,BORRAZOPOLIS,50.524430800716296
Agudos do Sul,394,78,1282.694035532995,0.0,5683.823999999999,78.1725888324873,38.763959390862944,316,19.796954314720814,Agudos do Sul,paranaense,10233,10770,53.22,1511,1.9,29.85,27302.69,98.51,0.0,AGUDOS DO SUL,36.583101207056636
Maria Helena,394,52,956.3874111675127,0.0,4782.374,83.75634517766497,42.388324873096444,342,13.19796954314721,Maria Helena,paranaense,5865,5926,12.06,886,1.9,,30077.96,99.44,0.0,MARIA HELENA,66.48666891663854
Itambé,393,69,1320.2424936386767,0.0,5909.182000000001,83.96946564885496,42.24681933842239,324,17.557251908396946,Itambé,paranaense,6111,6228,25.06,1117,2.2,,45168.14,98.9,0.0,ITAMBE,63.102119460500965
Alvorada do Sul,393,101,2029.7784732824425,0.0,8041.49,87.02290076335878,48.36132315521628,292,25.699745547073793,Alvorada do Sul,paranaense,10326,10481,24.34,2096,2.1,10.53,42266.4,99.3,0.0,ALVORADA DO SUL,37.49642209712813
Santa Amélia,391,65,1116.4376726342712,0.0,5326.56,82.09718670076727,39.670076726342714,326,16.624040920716112,Santa Amélia,paranaense,3394,3358,43.49,484,2.2,,41703.65,99.06,0.0,SANTA AMELIA,116.43835616438355
São João do Caiuá,389,55,1208.5943958868893,0.0,5916.565999999997,84.31876606683805,43.768637532133674,334,14.138817480719796,São João do Caiuá,paranaense,5586,5607,18.35,849,2.3,,34310.0,98.9,35.6,SAO JOAO DO CAIUA,69.37756375958622
Califórnia,389,90,1557.8661182519281,0.0,6658.19,82.26221079691517,44.08226221079691,299,23.13624678663239,Califórnia,paranaense,8710,8963,61.42,2272,1.6,,28817.34,99.58,0.0,CALIFORNIA,43.40064710476403
São Jorge do Patrocínio,388,38,652.3524226804124,0.0,246.25900000000678,77.0618556701031,40.7319587628866,350,9.793814432989691,São Jorge do Patrocínio,paranaense,6504,6690,16.0,1344,2.1,14.08,28172.13,98.46,15.0,SAO JORGE DO PATROCINIO,57.997010463378174
Mato Rico,386,45,773.9982901554405,0.0,4314.285,73.31606217616581,37.57253886010363,341,11.658031088082902,Mato Rico,paranaense,3267,3249,8.28,484,2.2,35.71,48162.76,100.0,0.0,MATO RICO,118.8057863958141
Nova Olímpia,383,56,1162.1221671018277,0.0,5100.65,77.80678851174935,42.49086161879895,327,14.621409921671018,Nova Olímpia,paranaense,5833,5982,42.78,1356,1.8,15.63,22756.95,100.0,33.6,NOVA OLIMPIA,64.02540956201939
Marquinho,381,51,841.1518372703412,0.0,4723.8,82.41469816272966,35.963254593175854,330,13.385826771653544,Marquinho,paranaense,4504,4491,8.94,587,2.1,34.48,29896.39,98.57,0.0,MARQUINHO,84.83633934535737
Nova Santa Rosa,374,39,713.5738770053476,0.0,1546.7219999999977,83.9572192513369,39.56149732620321,335,10.427807486631016,Nova Santa Rosa,paranaense,8322,8581,40.66,2561,2.2,,58192.18,98.95,0.0,NOVA SANTA ROSA,43.58466379209882
São Pedro do Iguaçu,374,64,1088.1332085561498,0.0,5323.701,76.7379679144385,40.63101604278075,310,17.11229946524064,São Pedro do Iguaçu,paranaense,5784,5730,18.76,825,2.6,12.35,46313.37,99.4,0.0,SAO PEDRO DO IGUACU,65.27050610820244
Cafezal do Sul,374,51,779.714679144385,0.0,3179.2889999999943,83.15508021390374,40.63368983957219,323,13.636363636363635,Cafezal do Sul,paranaense,4473,4580,13.34,712,2.0,,44494.97,98.14,0.0,CAFEZAL DO SUL,81.6593886462882
Inajá,370,55,938.5677837837839,0.0,5534.798000000003,82.43243243243244,40.42972972972973,315,14.864864864864865,Inajá,paranaense,2536,2481,13.02,315,2.2,,30062.76,100.0,0.0,INAJA,149.13341394598953
Mariluz,369,87,1858.1257452574525,0.0,7479.437999999999,78.86178861788618,45.84281842818428,282,23.577235772357724,Mariluz,paranaense,9847,9910,22.73,1299,2.1,8.4,41023.34,99.26,0.0,MARILUZ,37.2351160443996
Jaboti,368,74,1382.330543478261,0.0,6658.19,79.8913043478261,40.82608695652174,294,20.108695652173914,Jaboti,paranaense,5427,5655,38.97,871,1.9,,28851.21,94.87,0.0,JABOTI,65.07515473032714
Kaloré,356,79,1461.6792696629213,0.0,6692.764999999999,87.64044943820225,42.485955056179776,277,22.191011235955056,Kaloré,paranaense,4582,4666,23.7,1005,1.7,,43918.88,99.48,0.0,KALORE,76.29661380197172
Itambaracá,355,49,1286.3722816901409,0.0,6217.882000000015,82.25352112676056,43.2112676056338,306,13.802816901408452,Itambaracá,paranaense,5908,5819,28.49,1045,2.0,17.24,47300.82,99.62,34.0,ITAMBARACA,61.007045884172534
Campo do Tenente,355,86,1591.3646478873238,0.0,6613.278000000002,79.15492957746478,41.1943661971831,269,24.225352112676056,Campo do Tenente,paranaense,7508,7693,24.66,1610,2.0,,40846.17,99.1,0.0,CAMPO DO TENENTE,46.14584687378136
Jussara,354,68,1315.4093785310733,0.0,6197.672,83.05084745762711,41.367231638418076,286,19.2090395480226,Jussara,paranaense,6690,6786,31.73,2873,2.5,,55375.88,98.52,58.9,JUSSARA,52.16622458001768
Paula Freitas,352,70,1330.3294602272729,0.0,6307.432000000006,76.70454545454545,39.27556818181818,282,19.886363636363637,Paula Freitas,paranaense,5666,5706,13.45,1301,1.9,,86221.59,98.98,0.0,PAULA FREITAS,61.689449702068
Guairaçá,351,50,1050.6691452991454,0.0,5844.53,83.76068376068376,41.9059829059829,301,14.245014245014245,Guairaçá,paranaense,6587,6762,13.34,991,2.4,30.0,61458.48,99.31,14.9,GUAIRACA,51.90771960958296
Santo Inácio,346,59,1191.4285838150288,0.0,6272.8099999999995,83.52601156069365,44.59537572254335,287,17.052023121387283,Santo Inácio,paranaense,6181,6463,22.06,4960,2.5,11.9,135370.89,99.22,0.0,SANTO INACIO,53.5355098251586
Salgado Filho,344,61,1258.5261337209301,0.0,5234.808999999998,74.70930232558139,38.56395348837209,283,17.732558139534884,Salgado Filho,paranaense,4075,4090,22.51,965,1.8,,35479.95,100.0,0.0,SALGADO FILHO,84.10757946210269
Quatiguá,343,84,1676.8031778425657,0.0,7247.644,77.25947521865889,42.47230320699708,259,24.489795918367346,Quatiguá,paranaense,8099,8426,71.87,2050,1.9,36.14,30189.72,100.0,0.0,QUATIGUA,40.7073344410159
Paulo Frontin,342,74,1366.450701754386,0.0,5829.3880000000045,77.77777777777779,38.33625730994152,268,21.637426900584796,Paulo Frontin,paranaense,6343,6414,17.46,1143,2.3,,74705.21,100.0,0.0,PAULO FRONTIN,53.32086061739944
Godoy Moreira,341,44,846.1136950146628,0.0,3838.75,77.41935483870968,40.04692082111437,297,12.903225806451612,Godoy Moreira,paranaense,2977,2911,22.72,365,2.1,35.71,32291.91,100.0,0.0,GODOY MOREIRA,117.14187564410855
Ibema,340,52,1129.0677352941177,0.0,5615.258000000001,83.52941176470588,40.68235294117647,288,15.294117647058824,Ibema,paranaense,6218,6343,42.75,1505,2.0,23.53,33465.91,98.21,110.6,IBEMA,53.60239634242472
Porto Amazonas,338,53,978.5391715976331,0.0,4860.919000000001,80.4733727810651,40.84615384615385,285,15.680473372781064,Porto Amazonas,paranaense,4098,4072,21.96,2061,2.6,,95573.82,100.0,0.0,PORTO AMAZONAS,83.00589390962672
Porto Barreiro,337,45,768.6648961424332,0.0,4515.938000000003,82.49258160237389,38.8486646884273,292,13.353115727002967,Porto Barreiro,paranaense,3110,3057,8.61,440,2.9,55.56,54394.82,98.86,0.0,PORTO BARREIRO,110.23879620543016
Vitorino,337,76,1654.973056379822,0.0,6498.072000000003,83.08605341246292,40.99406528189911,261,22.551928783382788,Vitorino,paranaense,9706,10549,31.49,2520,2.1,20.41,65013.87,97.79,0.0,VITORINO,31.946156033747272
Bom Sucesso,336,60,1174.4263988095238,0.0,5362.46,82.73809523809523,42.857142857142854,276,17.857142857142858,Bom Sucesso,paranaense,6581,6674,20.39,1117,1.8,37.5,33681.51,99.14,0.0,BOM SUCESSO,50.34462091699131
Conselheiro Mairinck,334,64,1211.8735928143712,0.0,5945.228999999996,81.437125748503,40.544910179640716,270,19.16167664670659,Conselheiro Mairinck,paranaense,3461,3474,16.91,546,2.1,,48767.75,86.53,0.0,CONSELHEIRO MAIRINCK,96.14277489925158
Bela Vista da Caroba,333,49,1035.9955255255256,0.0,5928.034000000007,81.08108108108108,39.432432432432435,284,14.714714714714713,Bela Vista da Caroba,paranaense,4031,4122,27.22,501,2.1,,31281.27,98.78,0.0,BELA VISTA DA CAROBA,80.78602620087335
Serranópolis do Iguaçu,332,50,997.322560240964,0.0,5597.123000000007,90.06024096385542,36.89156626506024,282,15.060240963855422,Serranópolis do Iguaçu,paranaense,5007,5161,10.38,930,2.5,,54438.48,99.35,0.0,SERRANOPOLIS DO IGUACU,64.32861848478977
Honório Serpa,332,40,1044.711204819277,0.0,5285.570000000014,79.81927710843374,40.61144578313253,292,12.048192771084338,Honório Serpa,paranaense,4941,4803,9.84,955,2.5,13.51,78227.21,99.41,0.0,HONORIO SERPA,69.12346450135331
Ouro Verde do Oeste,330,32,638.6554848484849,0.0,0.0,71.81818181818181,38.68787878787879,298,9.696969696969697,Ouro Verde do Oeste,paranaense,6785,7102,23.15,1230,2.3,,43793.26,99.18,0.0,OURO VERDE DO OESTE,46.46578428611659
Marumbi,329,40,828.7423404255319,0.0,4271.815999999993,84.49848024316108,41.851063829787236,289,12.158054711246201,Marumbi,paranaense,4699,4780,22.54,1074,1.6,,28583.37,93.77,0.0,MARUMBI,68.82845188284519
Leópolis,329,66,1440.793009118541,0.0,6891.335999999998,81.15501519756839,44.0790273556231,263,20.060790273556233,Leópolis,paranaense,3752,3725,10.88,550,2.4,31.25,60266.0,100.0,0.0,LEOPOLIS,88.32214765100672
Fênix,328,68,1603.1745731707317,0.0,6658.19,86.89024390243902,43.72256097560975,260,20.73170731707317,Fênix,paranaense,4492,4488,19.19,1309,1.6,22.73,54234.99,98.48,0.0,FENIX,73.08377896613192
Itaguajé,328,55,1073.366798780488,0.0,5728.182000000001,80.79268292682927,44.13414634146341,273,16.76829268292683,Itaguajé,paranaense,4481,4530,23.06,744,2.2,,36664.75,98.75,0.0,ITAGUAJE,72.40618101545255
Nova Fátima,327,67,1599.0590519877676,0.0,7902.46,89.60244648318043,43.81957186544342,260,20.489296636085626,Nova Fátima,paranaense,7225,7140,25.49,1251,2.3,,45319.52,99.22,236.1,NOVA FATIMA,45.798319327731086
Manfrinópolis,323,43,750.0096284829721,0.0,3575.4460000000013,72.13622291021672,36.755417956656345,280,13.312693498452013,Manfrinópolis,paranaense,2770,2790,12.84,622,2.0,,37689.28,100.0,0.0,MANFRINOPOLIS,115.7706093189964
Boa Esperança,322,46,975.6809627329193,0.0,5155.115000000008,87.5776397515528,41.48757763975155,276,14.285714285714285,Boa Esperança,paranaense,4558,4595,15.06,832,2.5,24.39,75237.05,96.74,0.0,BOA ESPERANCA,70.07616974972797
Mariópolis,322,58,1185.3781055900622,0.0,5427.05,83.54037267080744,40.62111801242236,264,18.012422360248447,Mariópolis,paranaense,6371,6506,27.66,1922,2.5,,86961.81,99.61,0.0,MARIOPOLIS,49.49277589917
Cruzeiro do Iguaçu,322,58,1305.1260248447206,0.0,6417.829000000006,79.19254658385093,40.015527950310556,264,18.012422360248447,Cruzeiro do Iguaçu,paranaense,4133,4129,25.53,1035,2.1,,50000.33,99.29,0.0,CRUZEIRO DO IGUACU,77.98498425768952
São Carlos do Ivaí,320,63,1759.5808124999999,0.0,8338.753000000002,87.8125,40.4375,257,19.6875,São Carlos do Ivaí,paranaense,6587,6727,29.27,2277,2.4,34.88,86205.53,98.2,163.9,SAO CARLOS DO IVAI,47.569496060651105
Renascença,319,68,1669.1180877742947,0.0,8065.883999999998,82.75862068965517,42.61755485893417,251,21.316614420062695,Renascença,paranaense,6845,6945,16.1,1898,2.3,,67212.82,99.76,0.0,RENASCENCA,45.932325413966886
Pinhal de São Bento,315,30,740.9804444444444,0.0,0.0,84.44444444444444,36.86984126984127,285,9.523809523809524,Pinhal de São Bento,paranaense,2761,2805,28.33,459,1.9,,29736.89,100.0,0.0,PINHAL DE SAO BENTO,112.29946524064172
Planaltina do Paraná,313,39,834.1282747603834,0.0,5285.434000000003,79.87220447284345,40.47923322683706,274,12.460063897763577,Planaltina do Paraná,paranaense,4070,4125,11.43,1028,2.0,,36741.98,100.0,72.8,PLANALTINA DO PARANA,75.87878787878788
São Pedro do Paraná,311,44,801.8596784565917,0.0,4159.96,82.31511254019293,41.38263665594855,267,14.14790996784566,São Pedro do Paraná,paranaense,2661,2726,10.62,842,2.1,,41823.02,100.0,0.0,SAO PEDRO DO PARANA,114.08657373440938
Lunardelli,308,57,1328.2135714285714,0.0,6658.19,81.81818181818183,42.048701298701296,251,18.506493506493506,Lunardelli,paranaense,4872,4864,24.46,823,1.9,,30231.87,97.8,469.2,LUNARDELLI,63.32236842105263
Iguaraçu,308,41,970.7730519480518,0.0,5148.443000000001,77.59740259740259,41.62337662337662,267,13.311688311688311,Iguaraçu,paranaense,5338,5693,32.35,1687,2.1,,50048.33,97.38,0.0,IGUARACU,54.10152819251712
Arapuã,307,42,830.2899022801303,0.0,4862.978000000003,74.9185667752443,40.53745928338762,265,13.680781758957655,Arapuã,paranaense,3527,3573,16.23,504,2.2,23.81,43743.99,100.0,0.0,ARAPUA,85.9221942345368
Mercedes,299,61,1201.7014046822742,0.0,5677.302,82.2742474916388,38.43478260869565,238,20.401337792642142,Mercedes,paranaense,5931,6194,30.09,1382,2.4,14.08,52582.83,100.0,0.0,MERCEDES,48.27252179528576
São Jorge do Ivaí,295,46,1195.706033898305,0.0,6103.542000000003,77.28813559322035,42.3593220338983,249,15.593220338983052,São Jorge do Ivaí,paranaense,5168,5170,16.4,1187,2.4,23.26,80750.08,99.4,0.0,SAO JORGE DO IVAI,57.05996131528046
Ariranha do Ivaí,292,26,581.6205136986301,0.0,0.0,84.58904109589042,37.784246575342465,266,8.904109589041095,Ariranha do Ivaí,paranaense,2329,2351,9.95,368,2.3,35.71,62246.84,100.0,0.0,ARIRANHA DO IVAI,124.20246703530412
Campina do Simão,291,33,859.0120618556701,0.0,3329.1,78.69415807560138,36.53264604810997,258,11.34020618556701,Campina do Simão,paranaense,3936,3954,8.78,718,2.1,24.69,49573.09,100.0,0.0,CAMPINA DO SIMAO,73.59635811836115
Quarto Centenário,290,44,911.2709310344828,0.0,4918.496,78.62068965517241,43.39655172413793,246,15.172413793103448,Quarto Centenário,paranaense,4201,4127,13.05,852,2.4,,97362.29,98.14,0.0,QUARTO CENTENARIO,70.26896050399806
Nova Santa Bárbara,290,59,1360.0172413793102,0.0,5347.094000000002,78.27586206896552,39.758620689655174,231,20.344827586206897,Nova Santa Bárbara,paranaense,4184,4308,54.42,595,2.3,23.26,31455.2,84.78,0.0,NOVA SANTA BARBARA,67.31662024141133
Luiziana,288,42,1076.7670138888889,0.0,5504.462,77.08333333333334,40.010416666666664,246,14.583333333333334,Luiziana,paranaense,6690,6659,7.3,1259,2.3,,89587.6,99.01,0.0,LUIZIANA,43.24973719777744
Perobal,286,58,1428.23486013986,0.0,6658.19,84.26573426573427,41.87412587412587,228,20.27972027972028,Perobal,paranaense,7189,7599,17.57,1301,2.2,8.4,49373.82,99.53,0.0,PEROBAL,37.636531122516125
Alto Paraíso,286,34,791.4036713286714,0.0,3064.56,74.12587412587412,42.19230769230769,252,11.888111888111888,Alto Paraíso,paranaense,3055,3067,3.16,665,2.5,,48366.68,100.0,0.0,ALTO PARAISO,93.25073361591132
Maripá,283,58,1278.6042756183747,0.0,6344.096000000004,79.15194346289752,40.975265017667844,225,20.49469964664311,Maripá,paranaense,6555,6824,23.1,1688,2.5,,81721.35,97.67,0.0,MARIPA,41.471277842907384
Santa Cecília do Pavão,282,48,1328.8174468085108,0.0,5297.87,76.24113475177306,40.45744680851064,234,17.02127659574468,Santa Cecília do Pavão,paranaense,3365,3357,32.02,589,2.0,24.39,53243.98,99.46,0.0,SANTA CECILIA DO PAVAO,84.0035746201966
Japira,276,63,1628.6240579710145,0.0,6658.19,82.6086956521739,43.3768115942029,213,22.82608695652174,Japira,paranaense,4972,5054,26.47,716,1.8,,34179.34,98.05,0.0,JAPIRA,54.610209734863474
Boa Esperança do Iguaçu,274,37,897.1020802919708,0.0,5156.142000000001,79.92700729927007,38.18978102189781,237,13.503649635036496,Boa Esperança do Iguaçu,paranaense,2455,2421,16.17,497,2.2,34.48,67222.53,100.0,0.0,BOA ESPERANCA DO IGUACU,113.17637339942173
Novo Itacolomi,273,43,1020.3081684981685,0.0,5462.314,82.78388278388277,37.417582417582416,230,15.75091575091575,Novo Itacolomi,paranaense,3125,3227,19.36,861,1.8,,39975.22,100.0,0.0,NOVO ITACOLOMI,84.59869848156181
Quinta do Sol,272,58,1343.2892279411765,0.0,5528.758000000001,85.29411764705883,44.95220588235294,214,21.323529411764707,Quinta do Sol,paranaense,5001,5052,15.33,729,2.2,14.93,62978.03,100.0,0.0,QUINTA DO SOL,53.84006334125099
Marilena,271,58,1548.4167158671587,0.0,7421.21,83.02583025830258,44.74907749077491,213,21.40221402214022,Marilena,paranaense,7253,7450,31.21,1498,1.9,10.42,32708.81,99.26,364.4,MARILENA,36.3758389261745
Lupionópolis,270,55,1355.137962962963,0.0,6207.533999999999,84.81481481481481,42.925925925925924,215,20.37037037037037,Lupionópolis,paranaense,4813,4929,39.76,1143,1.9,25.64,34250.14,99.51,0.0,LUPIONOPOLIS,54.77784540474742
Campo Bonito,269,43,1036.817657992565,0.0,4949.784000000002,75.46468401486989,39.237918215613384,226,15.985130111524162,Campo Bonito,paranaense,4027,3997,9.28,643,2.4,,58901.77,100.0,0.0,CAMPO BONITO,67.30047535651738
Santa Mônica,269,37,1056.8305576208177,0.0,5287.562000000001,83.64312267657994,39.486988847583646,232,13.754646840148698,Santa Mônica,paranaense,3356,3361,12.91,619,2.0,30.3,34407.39,98.18,0.0,SANTA MONICA,80.03570365962511
Salto do Itararé,268,47,1223.8257835820896,0.0,5838.9929999999995,72.01492537313433,43.46268656716418,221,17.537313432835823,Salto do Itararé,paranaense,5192,5214,25.89,766,1.7,,23913.67,99.07,0.0,SALTO DO ITARARE,51.40007671653241
Brasilândia do Sul,268,39,969.3866791044776,0.0,4922.034000000002,88.05970149253731,42.58582089552239,229,14.55223880597015,Brasilândia do Sul,paranaense,3708,3861,12.74,610,2.4,,80537.86,99.18,0.0,BRASILANDIA DO SUL,69.41206941206941
Anahy,267,34,957.7014232209738,0.0,5395.46,75.28089887640449,40.81273408239701,233,12.734082397003746,Anahy,paranaense,2918,2971,28.36,656,1.7,96.77,42605.49,98.9,0.0,ANAHY,89.86873106698081
Floraí,265,53,1418.879283018868,0.0,6591.609999999999,89.05660377358491,44.237735849056605,212,20.0,Floraí,paranaense,4792,4805,25.07,1190,1.9,,64824.8,100.0,0.0,FLORAI,55.15088449531738
Doutor Camargo,264,60,1637.3618181818183,0.0,6658.19,83.71212121212122,43.96212121212121,204,22.727272727272727,Doutor Camargo,paranaense,6327,6517,53.49,1128,1.8,13.16,38349.19,98.86,0.0,DOUTOR CAMARGO,40.50943685744975
Nossa Senhora das Graças,263,31,815.4586311787072,0.0,3223.100000000006,84.79087452471484,43.68441064638783,232,11.787072243346007,Nossa Senhora das Graças,paranaense,3669,3669,19.75,535,1.9,,34590.58,100.0,0.0,NOSSA SENHORA DAS GRACAS,71.68165712728263
Cafeara,257,31,952.0260700389106,0.0,3999.3420000000006,85.21400778210116,42.69649805447471,226,12.062256809338521,Cafeara,paranaense,2627,2648,14.14,316,3.0,,46262.76,98.89,0.0,CAFEARA,97.05438066465257
Santa Lúcia,257,39,1022.4224902723736,0.0,4873.968,84.04669260700389,40.95330739299611,218,15.17509727626459,Santa Lúcia,paranaense,3644,3638,28.74,729,2.0,23.26,43410.54,100.0,0.0,SANTA LUCIA,70.64321055525014
Tamboara,255,48,1537.7576078431373,0.0,7033.132,83.52941176470588,44.26274509803922,207,18.823529411764707,Tamboara,paranaense,4880,4986,25.24,1070,2.3,37.74,37734.73,97.05,0.0,TAMBOARA,51.143200962695545
Ramilândia,253,42,1042.720671936759,0.0,5901.214000000003,79.05138339920948,40.6205533596838,211,16.600790513833992,Ramilândia,paranaense,4221,4279,17.8,486,2.5,,29989.37,97.19,0.0,RAMILANDIA,59.12596401028278
Prado Ferreira,252,41,1137.3904365079366,0.0,5656.367,72.22222222222221,43.916666666666664,211,16.26984126984127,Prado Ferreira,paranaense,3709,3816,24.26,949,2.8,,56067.67,98.86,0.0,PRADO FERREIRA,66.0377358490566
Lobato,250,52,1547.8008799999998,0.0,6658.19,85.2,46.264,198,20.8,Lobato,paranaense,4601,4707,19.1,1079,2.5,71.43,72455.61,100.0,0.0,LOBATO,53.11238580837051
Amaporã,248,34,1033.1739516129032,0.0,5182.875000000003,72.58064516129032,40.91129032258065,214,13.709677419354838,Amaporã,paranaense,4762,4688,12.38,659,2.3,,34418.01,97.91,105.6,AMAPORA,52.901023890784984
Itaúna do Sul,247,44,1354.931012145749,0.0,6933.3960000000025,85.82995951417004,44.935222672064775,203,17.813765182186234,Itaúna do Sul,paranaense,3572,3607,27.72,562,2.1,22.22,42504.16,100.0,27.6,ITAUNA DO SUL,68.47795952314944
Nova América da Colina,246,40,1281.5475203252033,0.0,5100.65,77.64227642276423,44.30487804878049,206,16.260162601626014,Nova América da Colina,paranaense,3280,3286,25.33,590,2.5,27.03,32956.41,97.76,0.0,NOVA AMERICA DA COLINA,74.86305538648813
Munhoz de Melo,233,48,1519.328497854077,0.0,6675.238,75.9656652360515,45.24892703862661,185,20.600858369098713,Munhoz de Melo,paranaense,3951,4057,28.84,709,2.0,,44713.57,100.0,0.0,MUNHOZ DE MELO,57.43159970421494
Rio Bom,227,37,1268.5414977973567,0.0,7400.096000000002,74.8898678414097,40.158590308370044,190,16.299559471365637,Rio Bom,paranaense,3197,3214,17.98,783,1.3,32.26,37164.63,99.36,0.0,RIO BOM,70.62850031113877
Sulina,227,38,1152.5778414096917,0.0,5814.636000000002,79.73568281938326,38.841409691629956,189,16.740088105726873,Sulina,paranaense,3440,3498,20.15,673,2.5,,55517.17,99.19,0.0,SULINA,64.89422527158375
Indianópolis,225,47,1686.3910666666666,0.0,6323.031999999997,77.77777777777779,43.06666666666667,178,20.88888888888889,Indianópolis,paranaense,4448,4544,36.27,1455,2.2,40.0,173682.59,97.76,1037.3,INDIANOPOLIS,49.515845070422536
Guapirama,223,48,1545.428475336323,0.0,7581.22,74.88789237668162,42.31390134529148,175,21.524663677130047,Guapirama,paranaense,4626,4857,24.46,919,2.1,13.89,49485.22,100.0,0.0,GUAPIRAMA,45.91311509162034
Iracema do Oeste,221,37,1174.1862443438915,0.0,6110.96,85.97285067873304,40.217194570135746,184,16.7420814479638,Iracema do Oeste,paranaense,2343,2328,28.74,447,2.3,52.63,53805.14,95.54,0.0,IRACEMA DO OESTE,94.93127147766323
Jundiaí do Sul,219,45,1345.4509589041097,0.0,6125.542000000011,73.0593607305936,43.49315068493151,174,20.54794520547945,Jundiaí do Sul,paranaense,3333,3372,10.39,452,2.3,,47213.06,97.77,0.0,JUNDIAI DO SUL,64.94661921708185
Rancho Alegre,217,31,1045.6795391705068,0.0,5182.334000000002,78.80184331797236,42.25806451612903,186,14.285714285714285,Rancho Alegre,paranaense,3512,3472,20.95,547,2.1,,56141.77,99.41,0.0,RANCHO ALEGRE,62.5
Presidente Castelo Branco,216,39,1142.7987962962961,0.0,6074.3099999999995,81.94444444444444,44.0462962962963,177,18.055555555555554,Presidente Castelo Branco,paranaense,4336,4304,27.84,875,2.0,,45464.85,100.0,0.0,PRESIDENTE CASTELO BRANCO,50.185873605947954
Santo Antônio do Caiuá,215,36,1241.0850697674418,0.0,6514.825999999997,74.88372093023256,41.097674418604655,179,16.74418604651163,Santo Antônio do Caiuá,paranaense,2493,2474,11.38,455,2.1,43.48,28089.38,100.0,240.4,SANTO ANTONIO DO CAIUA,86.90379951495554
Altamira do Paraná,214,33,1038.6128037383178,0.0,5427.05,84.11214953271028,41.10747663551402,181,15.42056074766355,Altamira do Paraná,paranaense,3590,3496,9.28,561,2.1,21.28,32175.22,99.6,0.0,ALTAMIRA DO PARANA,61.212814645308924
Miraselva,210,29,825.9536190476191,0.0,4356.331999999999,76.19047619047619,43.233333333333334,181,13.80952380952381,Miraselva,paranaense,1966,2017,21.77,351,2.1,,35296.98,98.08,0.0,MIRASELVA,104.11502231036192
Porto Rico,207,30,918.6388405797101,0.0,4893.77,86.47342995169082,40.71497584541063,177,14.492753623188406,Porto Rico,paranaense,3182,3370,14.62,1196,2.3,16.39,48076.83,100.0,90.5,PORTO RICO,61.424332344213646
Ivatuba,206,30,1129.5749514563106,0.0,5954.895,82.52427184466019,38.54368932038835,176,14.563106796116504,Ivatuba,paranaense,2708,2685,28.02,870,2.0,33.33,61748.43,99.3,0.0,IVATUBA,76.72253258845438
Bom Sucesso do Sul,203,29,1042.1464532019704,0.0,5121.4,78.81773399014779,39.73399014778325,174,14.285714285714285,Bom Sucesso do Sul,paranaense,3202,3244,16.34,990,2.4,,103530.68,100.0,0.0,BOM SUCESSO DO SUL,62.57706535141801
Ourizona,202,45,1639.299603960396,0.0,6658.19,76.23762376237624,43.66831683168317,157,22.277227722772277,Ourizona,paranaense,3187,3193,18.06,568,2.3,,58541.87,99.37,0.0,OURIZONA,63.26338866269965
Pato Bragado,195,57,2033.2520000000002,0.0,6790.433999999999,77.43589743589745,38.88205128205128,138,29.230769230769234,Pato Bragado,paranaense,5733,6004,42.28,1869,2.2,20.41,47051.07,99.16,841.9,PATO BRAGADO,32.47834776815456
Cruzmaltina,195,41,1338.3692307692309,0.0,6351.567999999998,83.07692307692308,38.743589743589745,154,21.025641025641026,Cruzmaltina,paranaense,2892,2870,9.26,503,2.2,,65430.04,100.0,0.0,CRUZMALTINA,67.94425087108013
Quatro Pontes,190,45,1556.7032105263156,0.0,7418.455999999996,79.47368421052632,41.01052631578948,145,23.684210526315788,Quatro Pontes,paranaense,4480,4672,39.16,1502,2.5,,68554.09,100.0,0.0,QUATRO PONTES,40.667808219178085
Atalaia,189,44,1632.7459259259258,0.0,6683.328000000002,90.47619047619048,44.35978835978836,145,23.28042328042328,Atalaia,paranaense,3980,4046,28.91,948,2.2,32.26,64007.95,98.9,0.0,ATALAIA,46.71280276816609
Virmond,189,42,1676.9381481481482,0.0,8087.606000000003,86.24338624338624,39.55555555555556,147,22.22222222222222,Virmond,paranaense,3811,3828,15.3,844,2.0,,63389.93,100.0,0.0,VIRMOND,49.373040752351095
Santo Antônio do Paraíso,187,23,1115.873422459893,0.0,5657.652000000002,81.81818181818183,40.6096256684492,164,12.299465240641712,Santo Antônio do Paraíso,paranaense,2125,2088,12.72,469,1.6,,54023.07,100.0,0.0,SANTO ANTONIO DO PARAISO,89.55938697318008
Pitangueiras,187,31,1201.4100534759357,0.0,6110.992000000001,88.77005347593582,40.037433155080215,156,16.577540106951872,Pitangueiras,paranaense,3046,3141,24.72,558,2.3,29.41,52715.86,100.0,0.0,PITANGUEIRAS,59.535179879019424
Flórida,187,31,1310.646577540107,0.0,6448.99,86.09625668449198,41.529411764705884,156,16.577540106951872,Flórida,paranaense,2652,2711,31.93,639,2.2,28.57,38182.92,97.47,0.0,FLORIDA,68.97823681298414
Cruzeiro do Sul,187,42,1567.1164705882352,0.0,6835.17,79.67914438502673,43.588235294117645,145,22.459893048128343,Cruzeiro do Sul,paranaense,4494,4543,17.34,648,2.2,,62589.03,100.0,0.0,CRUZEIRO DO SUL,41.16222760290557
Entre Rios do Oeste,181,42,1564.4650828729282,0.0,6658.19,72.92817679558011,39.13812154696133,139,23.204419889502763,Entre Rios do Oeste,paranaense,4575,4770,37.82,1820,2.4,,91973.29,99.1,570.9,ENTRE RIOS DO OESTE,37.9454926624738
Paranapoema,181,32,1386.2081767955801,0.0,6658.19,80.66298342541437,39.27624309392265,149,17.67955801104972,Paranapoema,paranaense,2398,2352,13.63,644,2.0,100.0,37022.83,99.32,0.0,PARANAPOEMA,76.95578231292517
Barra do Jacaré,171,44,1982.5429824561402,0.0,8514.08,78.3625730994152,44.92982456140351,127,25.730994152046783,Barra do Jacaré,paranaense,2814,2872,24.29,449,2.0,,66502.51,100.0,0.0,BARRA DO JACARE,59.54038997214485
Corumbataí do Sul,165,36,1521.1314545454545,0.0,6658.19,76.36363636363637,41.096969696969694,129,21.818181818181817,Corumbataí do Sul,paranaense,3760,3770,22.88,561,1.9,28.57,27908.16,97.85,0.0,CORUMBATAI DO SUL,43.766578249336874
Farol,165,33,1284.512909090909,0.0,5595.067999999998,75.75757575757575,42.14545454545455,132,20.0,Farol,paranaense,3039,2994,10.51,462,2.6,,84118.61,99.15,0.0,FAROL,55.11022044088176
Uniflor,164,17,760.5353658536585,0.0,582.5960000000142,83.53658536585365,39.24390243902439,147,10.365853658536585,Uniflor,paranaense,2136,2106,22.53,480,2.1,,61640.73,98.34,0.0,UNIFLOR,77.8727445394112
São José das Palmeiras,164,35,1532.9445731707317,0.0,6658.19,67.6829268292683,40.140243902439025,129,21.341463414634145,São José das Palmeiras,paranaense,3957,4031,21.69,578,2.2,,27716.37,100.0,49.6,SAO JOSE DAS PALMEIRAS,40.68469362441081
Esperança Nova,163,26,926.9558282208588,0.0,4683.998000000005,75.4601226993865,40.88957055214724,137,15.950920245398773,Esperança Nova,paranaense,1849,1852,13.09,371,2.2,,40683.83,100.0,0.0,ESPERANCA NOVA,88.01295896328294
Porto Vitória,160,34,1519.4819375,0.0,6683.328999999998,72.5,39.8625,126,21.25,Porto Vitória,paranaense,3562,3515,16.72,859,1.8,,27608.39,100.0,0.0,PORTO VITORIA,45.51920341394026
Rancho Alegre D'Oeste,154,32,1137.930974025974,0.0,5674.230000000014,74.67532467532467,40.116883116883116,122,20.77922077922078,Rancho Alegre D'Oeste,paranaense,2618,2623,10.85,477,2.6,,90008.46,100.0,0.0,RANCHO ALEGRE D'OESTE,58.711399161265724
Iguatu,153,29,1698.5360784313725,0.0,8126.456000000004,69.28104575163398,38.23529411764706,124,18.954248366013072,Iguatu,paranaense,2144,2156,20.05,421,2.2,,44212.2,97.91,0.0,IGUATU,70.9647495361781
Guaporema,141,23,1147.55390070922,0.0,6002.92,80.1418439716312,39.4113475177305,118,16.312056737588655,Guaporema,paranaense,2191,2210,10.89,414,2.4,41.67,48463.12,100.0,0.0,GUAPOREMA,63.80090497737556
Ângulo,140,38,1978.7349285714288,0.0,7137.5470000000005,71.42857142857143,42.48571428571429,102,27.142857142857142,Ângulo,paranaense,3235,3357,30.51,783,2.2,25.64,55572.79,100.0,0.0,ANGULO,41.70390229371462
Mirador,135,23,1099.5386666666666,0.0,6658.19,80.0,39.592592592592595,112,17.037037037037038,Mirador,paranaense,2238,2248,10.09,448,2.2,,79981.83,100.0,0.0,MIRADOR,60.05338078291815
Nova Aliança do Ivaí,125,16,900.26488,0.0,5049.102000000001,76.0,40.696,109,12.8,Nova Aliança do Ivaí,paranaense,1323,1322,10.08,298,2.1,,53846.04,98.65,0.0,NOVA ALIANCA DO IVAI,94.553706505295
Jardim Olinda,121,19,1069.3638842975206,0.0,5330.81,80.16528925619835,38.52066115702479,102,15.702479338842975,Jardim Olinda,paranaense,1343,1349,10.45,413,2.2,111.11,58807.74,100.0,0.0,JARDIM OLINDA,89.69607116382505
Santa Inês,116,14,742.9655172413793,0.0,3656.71,84.48275862068965,43.25,102,12.068965517241379,Santa Inês,paranaense,1748,1745,11.14,309,2.2,,48715.71,100.0,0.0,SANTA INES,66.4756446991404
São Manoel do Paraná,100,23,1773.1587,0.0,7454.114000000006,82.0,41.1,77,23.0,São Manoel do Paraná,paranaense,2138,2176,22.42,665,2.0,90.91,38835.58,92.22,0.0,SAO MANOEL DO PARANA,45.95588235294118
