institution,rh_records,active_share_pct,average_remuneration_brl,median_remuneration_brl,female_share_pct,avg_age
SECRETARIA DA EDUCAÇÃO,460929,20.778688257844482,1431.0058077274375,0.0,75.73335589646128,42.20059358640305
GOVERNO DO ESTADO,182503,0.0,6087.554697621409,4490.81,67.21040202078869,71.3944415046082
Secretaria da Segurança Pública e Administração Penitenciária,56734,49.584023689498366,5816.44113882328,3500.0,19.085557161490463,44.0959935134754
SECRETARIA DE ESTADO DA EDUCAÇÃO E DO ESPORTE,50272,0.0,3.7706478755569703,0.0,76.00453532781668,43.07089433481859
Secretaria da Saúde,18578,36.50554419205512,3971.071004413823,0.0,64.6086769297018,51.09069867585316
UNIVERSIDADE ESTADUAL DE LONDRINA,11874,37.74633653360283,5233.80872915614,0.0,57.09954522486104,45.963365336028296
UNIVERSIDADE ESTADUAL DE MARINGA,6498,0.9695290858725761,238.49912280701756,0.0,55.493998153277936,41.36241920590951
UNIVERSIDADE ESTADUAL DO OESTE DO PARANA,5820,0.8934707903780068,117.74035738831616,0.0,64.26116838487972,37.63865979381443
CASA CIVIL,5513,18.120805369127517,1680.867611101034,0.0,43.479049519317975,45.41919100308362
DEPARTAMENTO DE TRÂNSITO DO PARANÁ,5460,19.871794871794872,1921.302023809524,0.0,44.26739926739926,45.415018315018315
UNIVERSIDADE ESTADUAL DO CENTRO-OESTE,4850,35.340206185567006,4545.627663917526,0.0,56.74226804123711,40.756344130389934
UNIVERSIDADE ESTADUAL DE PONTA GROSSA,4574,42.17315260166157,5445.611517271535,0.0,53.93528640139922,45.474202011368604
UNIVERSIDADE ESTADUAL DE MARINGÁ,4060,96.47783251231527,14046.516871921182,11587.575,49.28571428571429,50.7435960591133
DEPARTAMENTO DE ESTRADAS DE RODAGEM DO ESTADO DO PARANÁ,3898,19.061056952283224,1860.3784915341203,0.0,22.88353001539251,56.94202154951257
UNIVERSIDADE ESTADUAL DO OESTE DO PARANÁ,3842,90.68193649141072,11803.132207183759,8976.91,64.54971369078605,46.64705882352941
SECRETARIA DA ADMINISTRAÇÃO E DA PREVIDÊNCIA,3209,17.762542848239327,1849.1793767528825,0.0,58.64755375506389,49.92348532167395
UNIVERSIDADE ESTADUAL DO NORTE DO PARANA,2998,28.819212808539024,3024.089349566377,0.0,50.433622414943294,41.97298198799199
"SECRETARIA DA JUSTICA, TRABALHO E DIREITOS HUMANOS",2969,0.0,0.0,0.0,27.787133715055575,39.90906028965982
SECRETARIA DA SAÚDE,2643,0.0,1336.379428679531,1621.0,45.213772228528185,66.99242997728993
RECEITA ESTADUAL DO PARANÁ,2577,35.46759798214978,12399.053810632518,0.0,18.199456732634847,57.52192471866511
INSTITUTO DE DESENVOLVIMENTO RURAL DO PARANÁ IAPAR-EMATER,2423,63.80520016508461,11151.644919521255,8257.44,26.372265786215436,56.834089971110195
SECRETARIA DE ESTADO DA JUSTIÇA E CIDADANIA,2184,72.98534798534799,7183.858882783883,8542.665,37.5,48.17261904761905
INSTITUTO AGUA E TERRA,2115,50.638297872340424,6541.273754137116,4799.17,39.19621749408984,48.388179669030734
SECRETARIA DA FAZENDA,2054,12.755598831548198,1411.4498247322297,0.0,49.123661148977604,45.57789678675755
PROCURADORIA GERAL DO ESTADO,1775,31.887323943661972,9832.005442253521,0.0,51.66197183098592,41.48957746478873
COMPANHIA DE TECNOLOGIA DA INFORMAÇÃO E COMUNICAÇÃO DO PARANÁ,1638,61.904761904761905,10715.502094017094,8258.25,26.923076923076923,48.30891330891331
"SECRETARIA DE ESTADO DA JUSTIÇA, FAMILIA E TRABALHO",1532,0.0,0.6510378590078328,0.0,55.09138381201044,47.465404699738905
SECRETARIA DA AGRICULTURA E ABASTECIMENTO,1504,25.598404255319153,3143.797533244681,0.0,34.109042553191486,52.767952127659576
COLÉGIO ESTADUAL DO PARANÁ,1343,30.15636634400596,2281.294713328369,0.0,65.2271034996277,48.48771407297096
TRIBUNAL DE JUSTIÇA DO PARANÁ,1316,0.0,12141.597226443768,8871.985,72.72036474164135,65.71174652241113
UNIVERSIDADE ESTADUAL DO PARANÁ,1254,30.701754385964914,1342.7728229665072,0.0,55.183413078149925,46.37240829346093
PARANÁ EDUCAÇÃO,1212,18.23432343234323,832.0678877887789,0.0,78.13531353135313,54.382013201320134
"SECRETARIA DA JUSTIÇA, TRABALHO E DIREITOS HUMANOS",1174,0.0,0.0,0.0,51.0221465076661,45.50425894378194
AGÊNCIA DE DEFESA AGROPECUÁRIA DO PARANÁ,1102,63.2486388384755,8416.003920145191,9022.22,32.94010889292196,48.66515426497278
INSTITUTO AGRONÔMICO DO PARANÁ,1051,0.0,0.0,0.0,17.126546146527115,50.568981921979066
ADMINISTRAÇÃO DOS PORTOS DE PARANAGUÁ E ANTONINA,996,46.4859437751004,9154.175070281124,0.0,18.574297188755022,50.45381526104418
GOVERNADORIA,883,6.681766704416761,1228.4518233295582,0.0,32.50283125707814,48.64779161947905
ASSEMBLEIA LEGISLATIVA DO PARANÁ,795,0.0,13010.254062893082,9998.82,60.880503144654085,75.21941992433796
SECRETARIA DO ESPORTE E DO TURISMO,752,15.159574468085108,1426.9739095744683,0.0,36.43617021276596,46.89627659574468
COORDENAÇÃO DA RECEITA DO ESTADO,751,0.0,0.0,0.0,21.03861517976032,56.82157123834887
TRIBUNAL DE CONTAS DO PARANÁ,749,0.0,32299.721642189583,36947.76,51.802403204272366,73.05518169582773
SECRETARIA DA CULTURA,719,20.445062586926284,2035.9277746870655,0.0,61.19610570236439,48.063977746870655
SECRETARIA DE INFRAESTRUTURA E LOGÍSTICA,718,13.09192200557103,1345.8510724233984,0.0,55.29247910863509,48.213091922005574
UNESPAR - CAMPUS DE PARANAVAI,698,34.81375358166189,4901.350343839542,0.0,61.03151862464183,41.34240687679083
CENTRO CULTURAL TEATRO GUAÍRA,692,20.08670520231214,2331.7715751445085,0.0,38.00578034682081,49.98554913294798
SECRETARIA DA FAMILIA E DESENVOLVIMENTO SOCIAL,637,0.0,0.0,0.0,62.32339089481946,43.90423861852433
CONTROLADORIA GERAL DO ESTADO,600,23.0,2351.04795,0.0,53.833333333333336,41.155
UNESPAR - CAMPUS DE APUCARANA,600,33.666666666666664,4786.422333333333,0.0,53.666666666666664,41.461666666666666
UNESPAR - CAMPUS DE CAMPO MOURÃO,568,38.38028169014084,5304.701461267606,0.0,54.22535211267606,41.38204225352113
INSTITUTO AMBIENTAL DO PARANÁ,567,0.0,0.0,0.0,28.39506172839506,53.97883597883598
SECRETARIA DA FAMÍLIA E DESENVOLVIMENTO SOCIAL,561,0.0,0.0,0.0,46.702317290552585,44.65953654188948
COMPANHIA DE HABITACAO DO PARANA,548,60.03649635036496,8628.3789010989,5655.54,44.34306569343065,50.465328467153284
SECRETARIA DE ESTADO DO DESENVOLVIMENTO SOCIAL E FAMILIA,524,45.038167938931295,4455.641526717557,0.0,61.832061068702295,46.86832061068702
INSTITUTO DE TECNOLOGIA DO PARANÁ,518,60.03861003861004,6884.407084942085,4145.11,40.34749034749035,51.077220077220076
SECRETARIA DO TRABALHO E DESENVOLVIMENTO SOCIAL,464,0.0,0.0,0.0,58.620689655172406,43.87931034482759
"SECRETARIA DO TRABALHO, EMPREGO E ECONOMIA SOLIDÁRIA",462,0.0,0.0,0.0,48.917748917748916,42.44155844155844
UNESPAR - CAMPUS DE CURITIBA II,457,41.35667396061269,6279.932932166302,0.0,55.798687089715536,45.66083150984683
SECRETARIA DE ESTADO DA COMUNICAÇÃO,446,35.2017937219731,3386.788520179372,0.0,48.654708520179376,43.52017937219731
Instituto das Águas do Paraná,443,0.0,0.0,0.0,27.539503386004515,52.747178329571106
Secretaria do Planejamento e Coordenação Geral,441,0.0,0.0,0.0,45.3514739229025,48.27437641723356
SECRETARIA DA COMUNICAÇÃO SOCIAL,439,0.0,0.0,0.0,52.16400911161732,43.29840546697039
UNESPAR - CAMPUS DE UNIAO DA VITORIA,434,34.331797235023046,5080.99940092166,0.0,52.30414746543779,39.81336405529954
JUNTA COMERCIAL DO PARANÁ,427,23.653395784543328,1911.7629508196721,0.0,46.13583138173302,45.395784543325526
"SECRETARIA DE ESTADO DO TRABALHO, QUALIFICAÇÃO E RENDA",417,27.33812949640288,2546.3695203836933,0.0,39.80815347721823,44.18465227817746
PARANÁ CIDADE,391,48.33759590792839,9567.331355498722,0.0,38.61892583120204,47.60102301790281
SECRETARIA DE ESTADO DAS CIDADES,386,46.89119170984456,5718.012668393782,0.0,41.70984455958549,43.5440414507772
UNESPAR - CAMPUS DE  PARANAGUA,382,43.455497382198956,6403.6901832460735,0.0,58.90052356020943,44.17277486910995
PARANAPREVIDÊNCIA,379,63.3245382585752,8002.82635883905,7341.79,51.97889182058047,52.04221635883905
INSTITUTO PARANAENSE DE DESENVOLVIMENTO EDUCACIONAL,359,20.61281337047354,1420.4983008356546,0.0,65.45961002785515,48.26740947075209
UNESPAR - CAMPUS DE CURITIBA I,346,47.687861271676304,6267.852312138728,0.0,49.421965317919074,46.65895953757225
Secretaria do Meio Ambiente e Recursos Hídricos,339,0.0,0.0,0.0,43.067846607669615,50.575221238938056
SECRETARIA DE ESTADO DO PLANEJAMENTO,333,39.63963963963964,4443.374834834835,0.0,41.14114114114114,43.91891891891892
AGENCIA REGULADORA DE SERVIÇOS PÚBLICOS DELEGADOS DO PARANÁ,325,33.84615384615385,3767.247876923077,0.0,36.92307692307693,46.14769230769231
INSTITUTO PARANAENSE DE CIENCIA DO ESPORTE,323,0.0,0.0,0.0,28.482972136222912,48.086687306501545
CASA MILITAR,296,15.54054054054054,1239.8313513513515,0.0,32.0945945945946,46.57432432432432
PARANÁ ESPORTE,290,41.724137931034484,3686.7623103448277,0.0,30.689655172413794,50.765517241379314
SECRETARIA DE ESTADO DA MULHER IGUALDADE RACIAL E PESSOA IDOSA,287,31.70731707317073,2690.7937630662022,0.0,69.68641114982579,44.05226480836237
SECRETARIA DO DESENVOLVIMENTO URBANO,286,0.0,0.0,0.0,35.66433566433567,46.65384615384615
PARANÁ EDIFICAÇÕES,284,0.0,0.0,0.0,30.633802816901408,49.971830985915496
"SECRETARIA DE ESTADO DA CIÊNCIA, TECNOLOGIA E ENSINO SUPERIOR",284,38.38028169014084,3266.5210915492958,0.0,48.943661971830984,47.57394366197183
SECRETARIA DE ESTADO DA COMUNICAÇÃO SOCIAL E DA CULTURA,277,0.0,0.0,0.0,54.151624548736464,43.27436823104693
SECRETARIA DE ESTADO DO DESENVOLVIMENTO SUSTENTAVEL,274,37.22627737226277,4183.370510948906,0.0,40.51094890510949,43.99270072992701
INSTITUTO PARANAENSE DE DESENVOLVIMENTO ECÔNOMICO E SOCIAL,266,0.0,0.0,0.0,49.62406015037594,44.51127819548872
AGÊNCIA DE ASSUNTOS METROPOLITANOS DO PARANÁ,255,35.68627450980392,3228.5616862745096,0.0,40.0,37.23137254901961
"SECRETARIA DE ESTADO DA INDÚSTRIA, COMÉRCIO E SERVIÇOS",225,26.666666666666668,2313.9984,0.0,39.111111111111114,46.46222222222222
INSTITUTO DE PESOS E MEDIDAS DO ESTADO DO PARANÁ,225,23.11111111111111,3618.9016444444446,0.0,19.555555555555557,62.49333333333333
INSTITUTO PARANAENSE DE DESENVOLVIMENTO ECONÔMICO E SOCIAL,221,30.76923076923077,3265.226515837104,0.0,46.60633484162896,49.990950226244344
RÁDIO E TELEVISÃO EDUCATIVA DO PARANÁ,218,0.0,0.0,0.0,44.95412844036697,47.169724770642205
MINISTÉRIO PUBLICO,206,0.0,15142.373932038834,8655.455,74.75728155339806,64.16666666666667
FAC. EST. CIÊNCIAS LET. CAMPO MOURÃO,198,0.0,0.0,0.0,61.111111111111114,39.83838383838384
SECRETARIA DA CIENCIA TECNOLOGIA E ENSINO SUPERIOR,187,0.0,0.0,0.0,50.26737967914438,52.31550802139037
ESTRADA DE FERRO PARANA OESTE S/A,185,69.72972972972973,3623.602,3354.38,12.972972972972974,50.96153846153846
SECRETARIA DE ESTADO DO PLANEJAMENTO E PROJETOS ESTRUTURANTES,185,0.5405405405405406,186.76697297297298,0.0,35.13513513513514,43.84864864864865
FAC. EST. CIÊNCIAS ECON. DE APUCARANA,178,0.0,0.0,0.0,56.17977528089888,38.6123595505618
SECRETARIA DE GOVERNO,177,0.0,0.0,0.0,45.76271186440678,49.16949152542373
FAC. EST. ED. CIÊNCIAS LET. PARANAVAÍ,176,0.0,0.0,0.0,56.81818181818182,42.0625
"INSTITUTO DE TERRAS, CARTOGRAFIA E GEOLOGIA DO PARANÁ",167,0.0,0.0,0.0,36.52694610778443,50.91017964071856
INSTITUTO PARANAENSE DE ASSISTÊNCIA TÉCNICA E EXTENSÃO RURAL,152,0.0,0.0,0.0,42.10526315789473,45.41447368421053
FAC. EST. FIL. C. LET. UNIÃO DA VITÓRIA,147,0.0,0.0,0.0,56.4625850340136,39.83673469387755
PALCOPARANÁ,141,60.28368794326241,4638.8429787234045,6651.48,38.297872340425535,36.52857142857143
CENTRAIS DE ABASTECIMENTO DO PARANA S/A,134,58.95522388059702,8214.403432835821,3354.38,24.62686567164179,53.40298507462686
COORDENAÇÃO DA REGIÃO METROPOLITANA DE CURITIBA,131,0.0,0.0,0.0,32.82442748091603,50.2442748091603
E-PARANÁ COMUNICAÇÃO,129,40.310077519379846,3987.0093023255813,0.0,39.53488372093023,41.375
PARANÁ TURISMO,127,0.0,0.0,0.0,51.96850393700787,50.24409448818898
SECRETARIA DE ESTADO DO DESENVOLVIMENTO SUSTENTAVEL E TURISMO,125,0.0,0.0,0.0,50.4,45.944
COMPANHIA DE DESENVOLVIMENTO AGROPECUARIO PARANA,123,0.0,0.0,0.0,9.75609756097561,49.390243902439025
FAC. EST. FIL. CIÊNCIAS LET. PARANAGUA,111,0.0,0.0,0.0,51.35135135135135,46.08108108108108
"SECRETARIA DA INOVAÇÃO, MODERNIZAÇÃO E TRANSFORMAÇÃO DIGITAL",110,0.0,0.0,0.0,38.18181818181819,41.3
FACULDADE DE ARTES DO PARANÁ,97,0.0,0.0,0.0,57.73195876288659,45.93814432989691
LOTERIA DO ESTADO DO PARANA,97,31.958762886597935,3128.1039175257733,0.0,40.20618556701031,40.175257731958766
SECRETARIA DE ESTADO DA INOVAÇÃO E INTELIGÊNCIA ARTIFICIAL,91,75.82417582417582,7934.587912087912,7860.12,45.05494505494506,41.72527472527472
DEPARTAMENTO DE IMPRENSA OFICIAL DO ESTADO PARANÁ,85,0.0,0.0,0.0,34.11764705882353,51.16470588235294
ESCOLA DE MÚSICAS BELAS ARTES DO PARANÁ,85,0.0,0.0,0.0,56.470588235294116,51.423529411764704
INVEST PARANÁ,79,44.303797468354425,6902.061772151898,0.0,54.43037974683544,40.037974683544306
AG REGULADORA DE SV PUB DELEGADOS INFRA ESTRUTURA DO PR,76,0.0,0.0,0.0,31.57894736842105,52.11842105263158
BIBLIOTECA PÚBLICA DO PARANÁ,73,0.0,0.0,0.0,72.6027397260274,59.87671232876713
PARANÁ PROJETOS,71,16.901408450704224,3755.8047887323946,0.0,42.25352112676056,42.49295774647887
SECRETARIA DE ESTADO DO DESENVOLVIMENTO URBANO OBRAS PÚBLICAS,62,0.0,0.0,0.0,46.774193548387096,46.483870967741936
COORDENADORIA ESTADUAL DA DEFESA CIVIL,44,86.36363636363636,6332.528863636364,7082.855,52.27272727272727,43.65909090909091
DEPARTAMENTO ESTADUAL DE ARQUIVO PÚBLICO,42,0.0,0.0,0.0,54.761904761904766,50.857142857142854
"SECRETARIA DA INDÚSTRIA, DO COM. E ASS. DO MERCOSUL",37,0.0,0.0,0.0,37.83783783783784,53.32432432432432
FAC. EST. FIL. C. LET. DE JACAREZINHO,25,0.0,0.0,0.0,60.0,40.52
DEPARTAMENTO DE IMPRENSA OFICIAL DO ESTADO DO PARANÁ,22,0.0,0.0,0.0,50.0,42.86363636363637
Centro Paranaense de Referência em Agroecologia,16,0.0,0.0,0.0,18.75,58.3125
FAC. EST. FIL. C. LET. CORNÉLIO PROCÓPIO,15,0.0,0.0,0.0,66.66666666666666,48.266666666666666
Agência Reguladora de Serviços Públicos de Infra-Estrutura do Paraná,13,0.0,0.0,0.0,0.0,61.38461538461539
INSTITUTO DE FLORESTAS DO PARANÁ,5,0.0,0.0,0.0,20.0,62.4
FAC. EST. DIREITO DO NORTE PIONEIRO,4,0.0,0.0,0.0,50.0,39.5
FAC. EST. EDUCAÇÃO FÍS. DE JACAREZINHO,3,0.0,0.0,0.0,0.0,56.0
INSTITUTO ÁGUA E TERRA,2,100.0,0.0,0.0,0.0,46.0
