city,demonym,population_last_census,population_estimated,population_density,formal_jobs,formal_jobs_avg_salary_min_wage,infant_mortality_per_thousand,gdp_per_capita_brl,school_attendance_6_14_pct,diarrhea_hospitalizations_per_100k,city_key
Abatiá,paranaense,7241,7233,31.66,893,2.2,,41039.39,94.88,0.0,ABATIA
Adrianópolis,paranaense,6256,6319,4.64,1465,2.6,,74669.0,99.64,0.0,ADRIANOPOLIS
Agudos do Sul,paranaense,10233,10770,53.22,1511,1.9,29.85,27302.69,98.51,0.0,AGUDOS DO SUL
Almirante Tamandaré,paranaense,119825,125861,616.93,19526,2.0,6.57,18715.79,98.36,0.0,ALMIRANTE TAMANDARE
Altamira do Paraná,paranaense,3590,3496,9.28,561,2.1,21.28,32175.22,99.6,0.0,ALTAMIRA DO PARANA
Alto Paraíso,paranaense,3055,3067,3.16,665,2.5,,48366.68,100.0,0.0,ALTO PARAISO
Alto Paraná,paranaense,13909,14183,34.11,3025,2.0,24.84,40453.42,99.69,0.0,ALTO PARANA
Alto Piquiri,paranaense,9727,9771,21.73,1341,2.4,16.0,50230.67,99.04,0.0,ALTO PIQUIRI
Altônia,paranaense,18742,18634,28.33,3960,1.8,4.9,29153.82,98.08,5.3,ALTONIA
Alvorada do Sul,paranaense,10326,10481,24.34,2096,2.1,10.53,42266.4,99.3,0.0,ALVORADA DO SUL
Amaporã,paranaense,4762,4688,12.38,659,2.3,,34418.01,97.91,105.6,AMAPORA
Ampére,paranaense,19620,20337,65.76,6901,1.9,18.12,51028.26,94.47,9.9,AMPERE
Anahy,paranaense,2918,2971,28.36,656,1.7,96.77,42605.49,98.9,0.0,ANAHY
Andirá,paranaense,19878,19989,84.25,5575,2.1,9.17,43322.9,99.54,184.6,ANDIRA
Ângulo,paranaense,3235,3357,30.51,783,2.2,25.64,55572.79,100.0,0.0,ANGULO
Antonina,paranaense,18091,18140,20.29,3709,2.2,20.62,55368.68,99.12,11.0,ANTONINA
Antônio Olinto,paranaense,7018,7048,14.94,830,2.2,14.49,40269.4,99.59,0.0,ANTONIO OLINTO
Apucarana,paranaense,130134,134910,233.64,48586,2.0,9.68,37146.42,99.57,88.6,APUCARANA
Arapongas,paranaense,119138,124838,311.7,49622,2.2,11.5,47973.54,96.34,53.3,ARAPONGAS
Arapoti,paranaense,25777,26325,18.98,8243,2.4,19.83,63347.91,99.38,34.2,ARAPOTI
Arapuã,paranaense,3527,3573,16.23,504,2.2,23.81,43743.99,100.0,0.0,ARAPUA
Araruna,paranaense,14485,14894,29.37,3627,2.2,17.65,43548.25,99.36,6.7,ARARUNA
Araucária,paranaense,151666,162247,323.22,62589,3.2,9.46,224671.66,99.26,21.2,ARAUCARIA
Ariranha do Ivaí,paranaense,2329,2351,9.95,368,2.3,35.71,62246.84,100.0,0.0,ARIRANHA DO IVAI
Assaí,paranaense,13797,13477,31.33,3417,1.8,,46183.5,97.56,7.3,ASSAI
Assis Chateaubriand,paranaense,36808,38357,37.53,12090,2.0,13.73,55252.41,99.74,157.5,ASSIS CHATEAUBRIAND
Astorga,paranaense,25475,26203,58.59,7645,1.9,17.01,45723.88,98.28,3.8,ASTORGA
Atalaia,paranaense,3980,4046,28.91,948,2.2,32.26,64007.95,98.9,0.0,ATALAIA
Balsa Nova,paranaense,13395,13867,38.39,4817,2.6,6.54,97201.65,99.25,0.0,BALSA NOVA
Bandeirantes,paranaense,31273,31747,70.25,9623,2.0,2.8,43559.41,99.78,188.6,BANDEIRANTES
Barbosa Ferraz,paranaense,10795,10580,20.04,1791,2.0,16.26,31695.71,97.97,0.0,BARBOSA FERRAZ
Barra do Jacaré,paranaense,2814,2872,24.29,449,2.0,,66502.51,100.0,0.0,BARRA DO JACARE
Barracão,paranaense,9759,9903,60.53,3273,2.0,16.53,33128.04,100.0,0.0,BARRACAO
Bela Vista da Caroba,paranaense,4031,4122,27.22,501,2.1,,31281.27,98.78,0.0,BELA VISTA DA CAROBA
Bela Vista do Paraíso,paranaense,14833,14982,61.12,3446,1.9,10.64,38026.96,96.56,6.7,BELA VISTA DO PARAISO
Bituruna,paranaense,15533,15650,12.58,4816,2.0,7.72,42256.96,98.35,19.1,BITURUNA
Boa Esperança,paranaense,4558,4595,15.06,832,2.5,24.39,75237.05,96.74,0.0,BOA ESPERANCA
Boa Esperança do Iguaçu,paranaense,2455,2421,16.17,497,2.2,34.48,67222.53,100.0,0.0,BOA ESPERANCA DO IGUACU
Boa Ventura de São Roque,paranaense,6378,6241,10.28,1404,2.5,11.76,72838.58,99.8,0.0,BOA VENTURA DE SAO ROQUE
Boa Vista da Aparecida,paranaense,7924,8023,29.77,1546,1.8,9.01,28071.29,98.22,273.8,BOA VISTA DA APARECIDA
Bocaiúva do Sul,paranaense,13299,13405,16.11,3828,2.3,5.81,22971.54,98.99,7.2,BOCAIUVA DO SUL
Bom Jesus do Sul,paranaense,3980,4072,22.6,841,1.9,,35783.31,100.0,0.0,BOM JESUS DO SUL
Bom Sucesso,paranaense,6581,6674,20.39,1117,1.8,37.5,33681.51,99.14,0.0,BOM SUCESSO
Bom Sucesso do Sul,paranaense,3202,3244,16.34,990,2.4,,103530.68,100.0,0.0,BOM SUCESSO DO SUL
Borrazópolis,paranaense,7735,7818,23.13,1434,1.9,13.7,38327.77,100.0,0.0,BORRAZOPOLIS
Braganey,paranaense,4854,4745,14.14,898,2.2,,53771.59,100.0,0.0,BRAGANEY
Brasilândia do Sul,paranaense,3708,3861,12.74,610,2.4,,80537.86,99.18,0.0,BRASILANDIA DO SUL
Cafeara,paranaense,2627,2648,14.14,316,3.0,,46262.76,98.89,0.0,CAFEARA
Cafelândia,paranaense,18997,20145,69.1,12368,2.4,3.36,142008.42,99.11,35.3,CAFELANDIA
Cafezal do Sul,paranaense,4473,4580,13.34,712,2.0,,44494.97,98.14,0.0,CAFEZAL DO SUL
Califórnia,paranaense,8710,8963,61.42,2272,1.6,,28817.34,99.58,0.0,CALIFORNIA
Cambará,paranaense,23212,23393,63.39,6008,2.1,12.35,42457.02,100.0,59.8,CAMBARA
Cambé,paranaense,107208,110923,216.42,34736,2.4,10.93,63159.21,98.22,27.0,CAMBE
Cambira,paranaense,9460,10045,57.41,2558,2.2,14.71,36931.02,99.51,0.0,CAMBIRA
Campina da Lagoa,paranaense,15723,16014,19.74,3021,1.8,10.2,42893.99,98.55,0.0,CAMPINA DA LAGOA
Campina do Simão,paranaense,3936,3954,8.78,718,2.1,24.69,49573.09,100.0,0.0,CAMPINA DO SIMAO
Campina Grande do Sul,paranaense,47825,50600,88.69,15219,2.3,11.22,60047.41,99.44,152.1,CAMPINA GRANDE DO SUL
Campo Bonito,paranaense,4027,3997,9.28,643,2.4,,58901.77,100.0,0.0,CAMPO BONITO
Campo do Tenente,paranaense,7508,7693,24.66,1610,2.0,,40846.17,99.1,0.0,CAMPO DO TENENTE
Campo Largo,paranaense,136327,144504,109.63,42296,2.4,10.08,51863.48,99.35,42.7,CAMPO LARGO
Campo Magro,paranaense,30160,31888,109.53,5046,2.3,2.93,23228.87,99.22,0.0,CAMPO MAGRO
Campo Mourão,paranaense,99432,104122,132.64,38671,2.6,6.88,60261.36,99.15,14.5,CAMPO MOURAO
Cândido de Abreu,paranaense,15244,15081,10.09,1862,2.1,10.42,31175.22,98.78,39.3,CANDIDO DE ABREU
Candói,paranaense,14973,15174,9.9,3650,2.2,4.72,60204.94,99.65,39.5,CANDOI
Cantagalo,paranaense,10933,10672,18.74,2036,1.9,22.35,35372.19,98.12,0.0,CANTAGALO
Capanema,paranaense,20481,21088,48.88,6415,2.1,15.33,77763.81,99.82,451.9,CAPANEMA
Capitão Leônidas Marques,paranaense,14648,14776,52.3,4306,2.0,21.62,88764.32,99.28,33.8,CAPITAO LEONIDAS MARQUES
Carambeí,paranaense,23283,24469,35.84,11031,2.5,13.97,85465.6,99.86,0.0,CARAMBEI
Carlópolis,paranaense,16905,17788,37.45,3190,1.7,4.29,34061.74,98.51,0.0,CARLOPOLIS
Cascavel,paranaense,348051,368195,166.44,159376,2.5,11.24,55176.33,99.15,15.4,CASCAVEL
Castro,paranaense,73075,75644,28.87,22332,2.5,7.79,61820.06,98.92,2.7,CASTRO
Catanduvas,paranaense,10446,10621,18.0,1784,2.1,,39602.22,99.32,0.0,CATANDUVAS
Centenário do Sul,paranaense,10832,10903,29.13,1691,2.1,,34760.43,98.99,18.3,CENTENARIO DO SUL
Cerro Azul,paranaense,16134,16287,12.03,2092,2.1,10.87,23181.48,98.85,49.3,CERRO AZUL
Céu Azul,paranaense,11087,11255,9.4,3532,2.2,26.32,96562.03,99.09,88.9,CEU AZUL
Chopinzinho,paranaense,21085,21604,21.97,7295,2.3,22.15,56739.86,98.89,92.8,CHOPINZINHO
Cianorte,paranaense,79527,82988,97.98,31986,2.0,12.28,50130.1,98.96,32.8,CIANORTE
Cidade Gaúcha,paranaense,11467,11705,28.45,4356,2.4,14.71,54113.89,98.71,847.3,CIDADE GAUCHA
Clevelândia,paranaense,15070,14833,21.42,3807,1.9,14.29,60754.81,88.72,801.3,CLEVELANDIA
Colombo,paranaense,232212,241672,1175.28,58289,2.4,11.51,32853.49,98.49,0.8,COLOMBO
Colorado,paranaense,22896,23313,56.18,9230,2.4,20.69,51174.35,99.08,25.8,COLORADO
Congonhinhas,paranaense,8320,8445,15.52,1279,2.1,11.24,37201.52,99.03,0.0,CONGONHINHAS
Conselheiro Mairinck,paranaense,3461,3474,16.91,546,2.1,,48767.75,86.53,0.0,CONSELHEIRO MAIRINCK
Contenda,paranaense,19128,20006,63.97,3229,2.2,4.24,32821.93,99.05,0.0,CONTENDA
Corbélia,paranaense,17470,17933,33.02,4486,2.2,,56867.78,98.66,285.5,CORBELIA
Cornélio Procópio,paranaense,45206,45720,71.18,24609,1.8,10.92,52697.46,99.73,517.1,CORNELIO PROCOPIO
Coronel Domingos Soares,paranaense,5649,5427,3.63,1295,2.2,8.77,58230.22,98.77,0.0,CORONEL DOMINGOS SOARES
Coronel Vivida,paranaense,23331,24010,34.09,6687,2.3,26.94,47552.24,99.54,83.8,CORONEL VIVIDA
Corumbataí do Sul,paranaense,3760,3770,22.88,561,1.9,28.57,27908.16,97.85,0.0,CORUMBATAI DO SUL
Cruz Machado,paranaense,15978,15759,10.81,2374,2.0,5.52,31791.46,99.36,25.1,CRUZ MACHADO
Cruzeiro do Iguaçu,paranaense,4133,4129,25.53,1035,2.1,,50000.33,99.29,0.0,CRUZEIRO DO IGUACU
Cruzeiro do Oeste,paranaense,23831,24859,30.71,5284,1.9,26.92,45708.09,100.0,20.3,CRUZEIRO DO OESTE
Cruzeiro do Sul,paranaense,4494,4543,17.34,648,2.2,,62589.03,100.0,0.0,CRUZEIRO DO SUL
Cruzmaltina,paranaense,2892,2870,9.26,503,2.2,,65430.04,100.0,0.0,CRUZMALTINA
Curitiba,paranaense,1773718,1830795,4078.53,1227816,3.6,7.9,67691.3,98.48,31.9,CURITIBA
Curiúva,paranaense,13647,13784,23.68,2166,2.0,11.76,24397.6,99.17,0.0,CURIUVA
Diamante do Norte,paranaense,5142,5139,21.17,916,2.1,,80500.47,99.4,77.5,DIAMANTE DO NORTE
Diamante do Sul,paranaense,3171,3147,9.13,443,1.8,,27043.14,100.0,0.0,DIAMANTE DO SUL
Diamante D'Oeste,paranaense,4557,4513,14.74,623,2.3,43.48,29513.42,98.0,0.0,DIAMANTE D'OESTE
Dois Vizinhos,paranaense,44869,47589,107.18,20397,2.3,11.2,58150.9,99.79,6.4,DOIS VIZINHOS
Douradina,paranaense,9161,9631,21.78,3698,2.9,24.39,93783.39,96.95,0.0,DOURADINA
Doutor Camargo,paranaense,6327,6517,53.49,1128,1.8,13.16,38349.19,98.86,0.0,DOUTOR CAMARGO
Doutor Ulysses,paranaense,5697,5744,7.33,573,1.9,,20387.45,97.34,0.0,DOUTOR ULYSSES
Enéas Marques,paranaense,5999,6146,31.21,1553,2.4,,64920.82,100.0,0.0,ENEAS MARQUES
Engenheiro Beltrão,paranaense,12454,12347,26.64,2997,2.1,17.24,56098.46,99.28,563.1,ENGENHEIRO BELTRAO
Entre Rios do Oeste,paranaense,4575,4770,37.82,1820,2.4,,91973.29,99.1,570.9,ENTRE RIOS DO OESTE
Esperança Nova,paranaense,1849,1852,13.09,371,2.2,,40683.83,100.0,0.0,ESPERANCA NOVA
Espigão Alto do Iguaçu,paranaense,4797,4880,14.69,778,2.0,17.54,42057.85,99.77,0.0,ESPIGAO ALTO DO IGUACU
Farol,paranaense,3039,2994,10.51,462,2.6,,84118.61,99.15,0.0,FAROL
Faxinal,paranaense,16389,16596,22.89,3524,2.2,14.56,38140.13,99.29,0.0,FAXINAL
Fazenda Rio Grande,paranaense,148873,165943,1275.93,28486,2.4,7.7,27805.32,99.08,0.6,FAZENDA RIO GRANDE
Fênix,paranaense,4492,4488,19.19,1309,1.6,22.73,54234.99,98.48,0.0,FENIX
Fernandes Pinheiro,paranaense,6255,6400,15.39,978,2.2,12.82,51786.1,97.48,0.0,FERNANDES PINHEIRO
Figueira,paranaense,8062,8129,62.13,1901,2.0,,23775.93,99.63,36.8,FIGUEIRA
Flor da Serra do Sul,paranaense,4364,4342,17.07,1028,1.9,,47286.15,97.27,0.0,FLOR DA SERRA DO SUL
Floraí,paranaense,4792,4805,25.07,1190,1.9,,64824.8,100.0,0.0,FLORAI
Floresta,paranaense,10458,11522,66.1,1782,2.0,12.58,34828.85,99.6,26.7,FLORESTA
Florestópolis,paranaense,11446,11653,46.37,3464,2.2,15.63,54502.22,97.18,25.8,FLORESTOPOLIS
Flórida,paranaense,2652,2711,31.93,639,2.2,28.57,38182.92,97.47,0.0,FLORIDA
Formosa do Oeste,paranaense,7635,7763,27.67,1559,2.2,13.51,53117.03,100.0,709.1,FORMOSA DO OESTE
Foz do Iguaçu,paranaense,285415,297352,468.51,94107,2.7,9.26,59468.67,98.28,45.0,FOZ DO IGUACU
Foz do Jordão,paranaense,4926,4893,20.93,958,1.7,,38120.67,97.49,0.0,FOZ DO JORDAO
Francisco Alves,paranaense,8116,8573,25.21,1117,1.8,8.4,31307.33,99.34,0.0,FRANCISCO ALVES
Francisco Beltrão,paranaense,96666,102312,131.5,41550,2.3,14.31,46814.84,98.78,70.1,FRANCISCO BELTRAO
General Carneiro,paranaense,11062,10691,10.33,2643,1.9,24.15,39531.18,98.76,0.0,GENERAL CARNEIRO
Godoy Moreira,paranaense,2977,2911,22.72,365,2.1,35.71,32291.91,100.0,0.0,GODOY MOREIRA
Goioerê,paranaense,28437,30025,50.41,7462,2.1,15.72,46969.32,99.0,31.1,GOIOERE
Goioxim,paranaense,6566,6469,9.35,877,2.2,31.58,47001.54,98.74,0.0,GOIOXIM
Grandes Rios,paranaense,5641,5527,17.95,906,1.9,14.71,31475.87,97.03,0.0,GRANDES RIOS
Guaíra,paranaense,32097,33058,56.94,7420,2.1,8.77,44828.06,99.39,18.2,GUAIRA
Guairaçá,paranaense,6587,6762,13.34,991,2.4,30.0,61458.48,99.31,14.9,GUAIRACA
Guamiranga,paranaense,7856,7916,32.09,1254,1.9,,45451.12,100.0,0.0,GUAMIRANGA
Guapirama,paranaense,4626,4857,24.46,919,2.1,13.89,49485.22,100.0,0.0,GUAPIRAMA
Guaporema,paranaense,2191,2210,10.89,414,2.4,41.67,48463.12,100.0,0.0,GUAPOREMA
Guaraci,paranaense,4748,4743,22.43,914,2.2,20.0,40499.33,96.09,0.0,GUARACI
Guaraniaçu,paranaense,13735,13770,11.09,3317,2.0,28.17,43991.58,98.89,405.4,GUARANIACU
Guarapuava,paranaense,182093,189630,57.48,62767,2.6,14.25,54170.74,98.85,53.0,GUARAPUAVA
Guaraqueçaba,paranaense,7430,7446,3.69,699,1.7,25.97,19660.96,98.38,0.0,GUARAQUECABA
Guaratuba,paranaense,42062,44913,31.7,10562,2.1,19.05,29027.37,98.46,2.3,GUARATUBA
Honório Serpa,paranaense,4941,4803,9.84,955,2.5,13.51,78227.21,99.41,0.0,HONORIO SERPA
Ibaiti,paranaense,28830,29464,32.1,8927,1.8,16.91,42887.86,99.26,34.0,IBAITI
Ibema,paranaense,6218,6343,42.75,1505,2.0,23.53,33465.91,98.21,110.6,IBEMA
Ibiporã,paranaense,51603,53276,173.31,18520,2.4,12.72,78248.45,99.41,47.1,IBIPORA
Icaraíma,paranaense,8991,9149,13.32,1507,2.2,26.55,36603.92,100.0,0.0,ICARAIMA
Iguaraçu,paranaense,5338,5693,32.35,1687,2.1,,50048.33,97.38,0.0,IGUARACU
Iguatu,paranaense,2144,2156,20.05,421,2.2,,44212.2,97.91,0.0,IGUATU
Imbaú,paranaense,14249,15068,43.08,2041,2.1,6.58,22490.76,94.87,0.0,IMBAU
Imbituva,paranaense,29924,30849,39.55,9871,1.8,9.43,50241.2,99.12,0.0,IMBITUVA
Inácio Martins,paranaense,9670,9555,10.33,2133,1.9,15.63,25847.91,98.66,0.0,INACIO MARTINS
Inajá,paranaense,2536,2481,13.02,315,2.2,,30062.76,100.0,0.0,INAJA
Indianópolis,paranaense,4448,4544,36.27,1455,2.2,40.0,173682.59,97.76,1037.3,INDIANOPOLIS
Ipiranga,paranaense,14142,14317,15.7,2425,2.2,13.7,54879.34,99.69,0.0,IPIRANGA
Iporã,paranaense,15746,16102,24.3,4637,2.1,23.26,53982.44,100.0,99.6,IPORA
Iracema do Oeste,paranaense,2343,2328,28.74,447,2.3,52.63,53805.14,95.54,0.0,IRACEMA DO OESTE
Irati,paranaense,59250,61004,59.28,17104,2.1,7.79,47529.86,99.85,70.7,IRATI
Iretama,paranaense,10684,10832,18.73,2113,2.3,21.58,38330.96,99.5,0.0,IRETAMA
Itaguajé,paranaense,4481,4530,23.06,744,2.2,,36664.75,98.75,0.0,ITAGUAJE
Itaipulândia,paranaense,11485,12116,34.71,4217,2.2,6.94,49349.2,100.0,0.0,ITAIPULANDIA
Itambaracá,paranaense,5908,5819,28.49,1045,2.0,17.24,47300.82,99.62,34.0,ITAMBARACA
Itambé,paranaense,6111,6228,25.06,1117,2.2,,45168.14,98.9,0.0,ITAMBE
Itapejara d'Oeste,paranaense,12344,12869,48.6,4817,2.1,,78624.87,98.43,0.0,ITAPEJARA D'OESTE
Itaperuçu,paranaense,31217,33310,96.65,6100,1.6,16.67,25618.02,98.61,88.2,ITAPERUCU
Itaúna do Sul,paranaense,3572,3607,27.72,562,2.1,22.22,42504.16,100.0,27.6,ITAUNA DO SUL
Ivaí,paranaense,13229,13476,21.76,2176,1.6,14.71,53751.06,99.6,22.3,IVAI
Ivaiporã,paranaense,32720,33566,74.88,9332,1.9,12.66,34910.34,99.92,44.7,IVAIPORA
Ivaté,paranaense,6831,6788,16.65,2111,2.3,13.89,41052.52,98.2,0.0,IVATE
Ivatuba,paranaense,2708,2685,28.02,870,2.0,33.33,61748.43,99.3,0.0,IVATUBA
Jaboti,paranaense,5427,5655,38.97,871,1.9,,28851.21,94.87,0.0,JABOTI
Jacarezinho,paranaense,40375,41493,67.01,13132,2.3,17.82,48470.43,100.0,26.6,JACAREZINHO
Jaguapitã,paranaense,15122,15908,31.84,7598,2.2,4.93,96051.01,99.44,6.4,JAGUAPITA
Jaguariaíva,paranaense,35141,36384,24.18,12023,2.2,8.37,58693.11,100.0,5.5,JAGUARIAIVA
Jandaia do Sul,paranaense,21408,21930,114.12,8583,2.0,33.06,44978.71,95.8,155.6,JANDAIA DO SUL
Janiópolis,paranaense,5870,5807,17.49,880,2.0,16.13,57397.87,99.62,0.0,JANIOPOLIS
Japira,paranaense,4972,5054,26.47,716,1.8,,34179.34,98.05,0.0,JAPIRA
Japurá,paranaense,9144,9393,55.36,2965,2.2,18.35,48327.59,100.0,416.9,JAPURA
Jardim Alegre,paranaense,12004,12138,29.04,2578,2.3,16.67,35358.97,98.46,0.0,JARDIM ALEGRE
Jardim Olinda,paranaense,1343,1349,10.45,413,2.2,111.11,58807.74,100.0,0.0,JARDIM OLINDA
Jataizinho,paranaense,11813,11996,74.21,2010,2.1,6.33,25520.19,99.39,0.0,JATAIZINHO
Jesuítas,paranaense,10506,10954,42.45,1895,2.1,,52977.91,100.0,9.2,JESUITAS
Joaquim Távora,paranaense,11945,12341,41.31,6375,1.9,17.65,73021.84,100.0,211.7,JOAQUIM TAVORA
Jundiaí do Sul,paranaense,3333,3372,10.39,452,2.3,,47213.06,97.77,0.0,JUNDIAI DO SUL
Juranda,paranaense,7771,7899,21.93,1498,1.9,22.22,63966.87,99.56,0.0,JURANDA
Jussara,paranaense,6690,6786,31.73,2873,2.5,,55375.88,98.52,58.9,JUSSARA
Kaloré,paranaense,4582,4666,23.7,1005,1.7,,43918.88,99.48,0.0,KALORE
Lapa,paranaense,45003,45878,21.49,11612,2.2,13.08,58830.87,99.21,8.7,LAPA
Laranjal,paranaense,5600,5525,10.01,624,2.0,13.33,22407.71,99.75,0.0,LARANJAL
Laranjeiras do Sul,paranaense,32227,33179,47.84,8320,2.0,14.52,38195.42,98.79,99.7,LARANJEIRAS DO SUL
Leópolis,paranaense,3752,3725,10.88,550,2.4,31.25,60266.0,100.0,0.0,LEOPOLIS
Lidianópolis,paranaense,3938,3987,26.0,664,2.2,,37287.16,97.06,0.0,LIDIANOPOLIS
Lindoeste,paranaense,5175,5217,14.91,995,2.4,,48127.01,100.0,153.1,LINDOESTE
Loanda,paranaense,23225,23966,32.15,8491,1.9,20.76,39155.41,98.56,923.9,LOANDA
Lobato,paranaense,4601,4707,19.1,1079,2.5,71.43,72455.61,100.0,0.0,LOBATO
Londrina,paranaense,555965,581382,336.42,242760,2.6,11.81,50362.05,98.47,24.1,LONDRINA
Luiziana,paranaense,6690,6659,7.3,1259,2.3,,89587.6,99.01,0.0,LUIZIANA
Lunardelli,paranaense,4872,4864,24.46,823,1.9,,30231.87,97.8,469.2,LUNARDELLI
Lupionópolis,paranaense,4813,4929,39.76,1143,1.9,25.64,34250.14,99.51,0.0,LUPIONOPOLIS
Mallet,paranaense,13428,13681,17.66,4000,2.5,,72484.08,98.55,0.0,MALLET
Mamborê,paranaense,13452,13551,17.07,2511,2.5,6.49,63873.13,99.21,0.0,MAMBORE
Mandaguaçu,paranaense,31457,34521,106.99,7137,2.3,13.7,31643.51,98.63,0.0,MANDAGUACU
Mandaguari,paranaense,36716,38313,109.33,16829,2.2,2.21,79434.03,98.39,0.0,MANDAGUARI
Mandirituba,paranaense,27439,29104,72.36,6492,2.1,12.2,29207.79,98.47,7.0,MANDIRITUBA
Manfrinópolis,paranaense,2770,2790,12.84,622,2.0,,37689.28,100.0,0.0,MANFRINOPOLIS
Mangueirinha,paranaense,16603,16737,15.73,4157,2.3,10.49,112613.05,98.9,71.6,MANGUEIRINHA
Manoel Ribas,paranaense,14240,14675,24.93,2877,2.3,14.02,46081.2,99.95,27.4,MANOEL RIBAS
Marechal Cândido Rondon,paranaense,55836,58734,74.87,23593,2.4,9.43,70187.82,98.07,17.2,MARECHAL CANDIDO RONDON
Maria Helena,paranaense,5865,5926,12.06,886,1.9,,30077.96,99.44,0.0,MARIA HELENA
Marialva,paranaense,41851,44749,88.0,13384,2.5,12.22,70837.51,99.28,0.0,MARIALVA
Marilândia do Sul,paranaense,8677,8761,22.57,1590,2.1,,58806.98,100.0,0.0,MARILANDIA DO SUL
Marilena,paranaense,7253,7450,31.21,1498,1.9,10.42,32708.81,99.26,364.4,MARILENA
Mariluz,paranaense,9847,9910,22.73,1299,2.1,8.4,41023.34,99.26,0.0,MARILUZ
Maringá,paranaense,409657,429660,841.16,241694,2.7,10.82,67903.99,99.3,12.2,MARINGA
Mariópolis,paranaense,6371,6506,27.66,1922,2.5,,86961.81,99.61,0.0,MARIOPOLIS
Maripá,paranaense,6555,6824,23.1,1688,2.5,,81721.35,97.67,0.0,MARIPA
Marmeleiro,paranaense,15901,16605,41.02,4557,2.2,28.3,46437.51,98.9,0.0,MARMELEIRO
Marquinho,paranaense,4504,4491,8.94,587,2.1,34.48,29896.39,98.57,0.0,MARQUINHO
Marumbi,paranaense,4699,4780,22.54,1074,1.6,,28583.37,93.77,0.0,MARUMBI
Matelândia,paranaense,18450,19223,28.84,12342,1.9,4.07,78092.93,97.81,94.6,MATELANDIA
Matinhos,paranaense,39259,42063,332.99,9878,2.1,24.67,29246.91,98.92,0.0,MATINHOS
Mato Rico,paranaense,3267,3249,8.28,484,2.2,35.71,48162.76,100.0,0.0,MATO RICO
Mauá da Serra,paranaense,9383,9689,86.62,3157,1.8,7.58,56188.01,99.24,0.0,MAUA DA SERRA
Medianeira,paranaense,54369,57910,165.39,26172,2.4,9.89,55318.22,90.75,82.3,MEDIANEIRA
Mercedes,paranaense,5931,6194,30.09,1382,2.4,14.08,52582.83,100.0,0.0,MERCEDES
Mirador,paranaense,2238,2248,10.09,448,2.2,,79981.83,100.0,0.0,MIRADOR
Miraselva,paranaense,1966,2017,21.77,351,2.1,,35296.98,98.08,0.0,MIRASELVA
Missal,paranaense,11064,11423,34.11,2805,2.5,,44894.11,100.0,1389.3,MISSAL
Moreira Sales,paranaense,11175,9949,31.59,1807,2.2,15.15,34192.25,100.0,0.0,MOREIRA SALES
Morretes,paranaense,18309,19089,26.74,3772,2.0,26.6,29204.87,98.6,5.3,MORRETES
Munhoz de Melo,paranaense,3951,4057,28.84,709,2.0,,44713.57,100.0,0.0,MUNHOZ DE MELO
Nossa Senhora das Graças,paranaense,3669,3669,19.75,535,1.9,,34590.58,100.0,0.0,NOSSA SENHORA DAS GRACAS
Nova Aliança do Ivaí,paranaense,1323,1322,10.08,298,2.1,,53846.04,98.65,0.0,NOVA ALIANCA DO IVAI
Nova América da Colina,paranaense,3280,3286,25.33,590,2.5,27.03,32956.41,97.76,0.0,NOVA AMERICA DA COLINA
Nova Aurora,paranaense,13765,14331,29.25,4412,2.1,,75612.98,98.8,196.9,NOVA AURORA
Nova Cantu,paranaense,6790,6739,12.22,1010,2.1,,50327.72,99.38,58.8,NOVA CANTU
Nova Esperança,paranaense,26585,27142,66.2,7069,2.0,3.44,47150.58,98.0,3.7,NOVA ESPERANCA
Nova Esperança do Sudoeste,paranaense,5597,5783,26.85,1401,2.1,10.75,35513.61,97.79,87.0,NOVA ESPERANCA DO SUDOESTE
Nova Fátima,paranaense,7225,7140,25.49,1251,2.3,,45319.52,99.22,236.1,NOVA FATIMA
Nova Laranjeiras,paranaense,12074,12298,9.98,1114,2.2,5.62,31337.75,99.4,0.0,NOVA LARANJEIRAS
Nova Londrina,paranaense,12923,13074,47.97,5408,2.0,6.67,55592.2,97.58,259.8,NOVA LONDRINA
Nova Olímpia,paranaense,5833,5982,42.78,1356,1.8,15.63,22756.95,100.0,33.6,NOVA OLIMPIA
Nova Prata do Iguaçu,paranaense,12699,13340,36.02,2512,2.1,,44107.75,99.79,0.0,NOVA PRATA DO IGUACU
Nova Santa Bárbara,paranaense,4184,4308,54.42,595,2.3,23.26,31455.2,84.78,0.0,NOVA SANTA BARBARA
Nova Santa Rosa,paranaense,8322,8581,40.66,2561,2.2,,58192.18,98.95,0.0,NOVA SANTA ROSA
Nova Tebas,paranaense,6848,6852,12.55,886,2.0,11.36,34638.13,99.62,131.0,NOVA TEBAS
Novo Itacolomi,paranaense,3125,3227,19.36,861,1.8,,39975.22,100.0,0.0,NOVO ITACOLOMI
Ortigueira,paranaense,24192,24706,9.96,7645,3.6,8.4,148490.0,99.52,0.0,ORTIGUEIRA
Ourizona,paranaense,3187,3193,18.06,568,2.3,,58541.87,99.37,0.0,OURIZONA
Ouro Verde do Oeste,paranaense,6785,7102,23.15,1230,2.3,,43793.26,99.18,0.0,OURO VERDE DO OESTE
Paiçandu,paranaense,45962,48695,268.19,10017,1.7,11.86,29205.9,99.64,4.1,PAICANDU
Palmas,paranaense,48247,50238,30.97,13803,2.1,17.65,35819.06,97.91,188.4,PALMAS
Palmeira,paranaense,33855,34948,23.03,10404,2.2,14.05,65573.86,98.41,28.7,PALMEIRA
Palmital,paranaense,13033,12879,15.94,2127,2.1,11.76,31211.59,99.21,0.0,PALMITAL
Palotina,paranaense,35011,37039,53.76,21558,2.4,6.02,105626.67,98.98,232.1,PALOTINA
Paraíso do Norte,paranaense,13245,13728,64.75,5823,2.2,23.26,40273.86,100.0,0.0,PARAISO DO NORTE
Paranacity,paranaense,9557,9549,27.41,2958,2.4,,54160.22,100.0,0.0,PARANACITY
Paranaguá,paranaense,145829,150104,177.23,51567,2.7,7.66,104860.51,98.86,16.0,PARANAGUA
Paranapoema,paranaense,2398,2352,13.63,644,2.0,100.0,37022.83,99.32,0.0,PARANAPOEMA
Paranavaí,paranaense,92001,96209,76.52,32172,2.2,14.15,45540.43,98.33,6.3,PARANAVAI
Pato Bragado,paranaense,5733,6004,42.28,1869,2.2,20.41,47051.07,99.16,841.9,PATO BRAGADO
Pato Branco,paranaense,91836,97821,170.35,45666,2.6,9.77,63350.93,98.67,71.4,PATO BRANCO
Paula Freitas,paranaense,5666,5706,13.45,1301,1.9,,86221.59,98.98,0.0,PAULA FREITAS
Paulo Frontin,paranaense,6343,6414,17.46,1143,2.3,,74705.21,100.0,0.0,PAULO FRONTIN
Peabiru,paranaense,13346,13494,28.48,2510,2.2,6.06,39764.19,99.37,0.0,PEABIRU
Perobal,paranaense,7189,7599,17.57,1301,2.2,8.4,49373.82,99.53,0.0,PEROBAL
Pérola,paranaense,11878,12389,50.29,2703,2.0,7.81,30647.08,97.6,8.1,PEROLA
Pérola d'Oeste,paranaense,6221,6218,30.31,1500,2.1,,43479.73,100.0,0.0,PEROLA D'OESTE
Piên,paranaense,13655,14409,53.59,3624,2.8,10.0,62484.45,98.6,63.5,PIEN
Pinhais,paranaense,127019,131255,2086.76,62598,2.5,9.11,77567.93,98.66,45.7,PINHAIS
Pinhal de São Bento,paranaense,2761,2805,28.33,459,1.9,,29736.89,100.0,0.0,PINHAL DE SAO BENTO
Pinhalão,paranaense,6566,6676,29.76,1116,1.7,,38365.93,100.0,0.0,PINHALAO
Pinhão,paranaense,29886,30451,14.93,4227,2.2,20.28,61938.97,98.19,0.0,PINHAO
Piraí do Sul,paranaense,23651,23977,17.58,5731,2.6,6.76,60939.33,99.41,12.5,PIRAI DO SUL
Piraquara,paranaense,118730,127433,522.94,14015,2.4,13.0,16015.58,99.19,0.0,PIRAQUARA
Pitanga,paranaense,33567,34527,20.18,8390,2.1,7.48,43017.52,98.85,226.0,PITANGA
Pitangueiras,paranaense,3046,3141,24.72,558,2.3,29.41,52715.86,100.0,0.0,PITANGUEIRAS
Planaltina do Paraná,paranaense,4070,4125,11.43,1028,2.0,,36741.98,100.0,72.8,PLANALTINA DO PARANA
Planalto,paranaense,14374,14722,41.51,2926,2.1,,36597.18,99.7,54.6,PLANALTO
Ponta Grossa,paranaense,358371,375632,174.41,131282,2.5,7.78,71387.82,99.12,1.6,PONTA GROSSA
Pontal do Paraná,paranaense,30425,33131,151.81,6928,2.0,19.89,26613.26,94.03,0.0,PONTAL DO PARANA
Porecatu,paranaense,11624,11271,39.85,2638,1.7,,63054.76,98.36,17.5,PORECATU
Porto Amazonas,paranaense,4098,4072,21.96,2061,2.6,,95573.82,100.0,0.0,PORTO AMAZONAS
Porto Barreiro,paranaense,3110,3057,8.61,440,2.9,55.56,54394.82,98.86,0.0,PORTO BARREIRO
Porto Rico,paranaense,3182,3370,14.62,1196,2.3,16.39,48076.83,100.0,90.5,PORTO RICO
Porto Vitória,paranaense,3562,3515,16.72,859,1.8,,27608.39,100.0,0.0,PORTO VITORIA
Prado Ferreira,paranaense,3709,3816,24.26,949,2.8,,56067.67,98.86,0.0,PRADO FERREIRA
Pranchita,paranaense,5737,5831,25.37,1843,2.1,,66007.87,99.54,222.9,PRANCHITA
Presidente Castelo Branco,paranaense,4336,4304,27.84,875,2.0,,45464.85,100.0,0.0,PRESIDENTE CASTELO BRANCO
Primeiro de Maio,paranaense,10082,10064,24.33,2023,2.3,9.52,45871.5,98.97,9.9,PRIMEIRO DE MAIO
Prudentópolis,paranaense,49393,50946,21.98,10722,2.0,9.38,38587.32,99.79,101.1,PRUDENTOPOLIS
Quarto Centenário,paranaense,4201,4127,13.05,852,2.4,,97362.29,98.14,0.0,QUARTO CENTENARIO
Quatiguá,paranaense,8099,8426,71.87,2050,1.9,36.14,30189.72,100.0,0.0,QUATIGUA
Quatro Barras,paranaense,24191,25397,134.04,12085,3.3,12.4,96572.32,99.49,0.0,QUATRO BARRAS
Quatro Pontes,paranaense,4480,4672,39.16,1502,2.5,,68554.09,100.0,0.0,QUATRO PONTES
Quedas do Iguaçu,paranaense,30738,31423,37.42,7201,2.0,15.45,62721.88,98.28,191.1,QUEDAS DO IGUACU
Querência do Norte,paranaense,10685,10625,11.68,1523,2.4,8.7,32030.3,96.96,37.4,QUERENCIA DO NORTE
Quinta do Sol,paranaense,5001,5052,15.33,729,2.2,14.93,62978.03,100.0,0.0,QUINTA DO SOL
Quitandinha,paranaense,18398,18882,41.16,2484,2.4,9.43,32311.04,98.56,95.6,QUITANDINHA
Ramilândia,paranaense,4221,4279,17.8,486,2.5,,29989.37,97.19,0.0,RAMILANDIA
Rancho Alegre,paranaense,3512,3472,20.95,547,2.1,,56141.77,99.41,0.0,RANCHO ALEGRE
Rancho Alegre D'Oeste,paranaense,2618,2623,10.85,477,2.6,,90008.46,100.0,0.0,RANCHO ALEGRE D'OESTE
Realeza,paranaense,19247,20097,54.46,6477,2.1,8.03,49825.25,98.02,0.0,REALEZA
Rebouças,paranaense,14514,14825,30.12,2756,1.9,9.76,43802.69,99.27,6.8,REBOUCAS
Renascença,paranaense,6845,6945,16.1,1898,2.3,,67212.82,99.76,0.0,RENASCENCA
Reserva,paranaense,24573,24878,15.02,4623,2.0,8.2,31106.12,98.0,0.0,RESERVA
Reserva do Iguaçu,paranaense,6553,6493,7.86,1117,2.1,10.53,39346.76,98.09,0.0,RESERVA DO IGUACU
Ribeirão Claro,paranaense,12364,12856,19.65,3251,2.2,7.46,49315.87,100.0,156.6,RIBEIRAO CLARO
Ribeirão do Pinhal,paranaense,13060,13158,34.85,2145,2.1,6.54,37360.89,100.0,22.8,RIBEIRAO DO PINHAL
Rio Azul,paranaense,14025,14174,23.41,2747,2.4,,71086.79,100.0,0.0,RIO AZUL
Rio Bom,paranaense,3197,3214,17.98,783,1.3,32.26,37164.63,99.36,0.0,RIO BOM
Rio Bonito do Iguaçu,paranaense,13929,14297,20.44,1573,2.1,10.36,36921.86,99.56,0.0,RIO BONITO DO IGUACU
Rio Branco do Ivaí,paranaense,3808,3841,10.12,619,2.0,,45876.97,99.45,0.0,RIO BRANCO DO IVAI
Rio Branco do Sul,paranaense,37558,40308,46.29,7828,2.3,7.55,49279.13,94.64,15.3,RIO BRANCO DO SUL
Rio Negro,paranaense,31324,31951,51.85,9634,2.3,14.45,46487.19,99.1,43.8,RIO NEGRO
Rolândia,paranaense,71670,75818,156.14,30618,2.3,12.89,64220.79,99.03,52.0,ROLANDIA
Roncador,paranaense,11251,11339,15.16,1818,2.4,6.71,56837.11,98.96,606.8,RONCADOR
Rondon,paranaense,9097,9255,16.39,4090,2.1,,59221.26,99.6,1471.9,RONDON
Rosário do Ivaí,paranaense,5435,5484,14.4,765,1.9,35.71,30660.21,98.81,0.0,ROSARIO DO IVAI
Sabáudia,paranaense,8822,9511,46.35,5260,2.0,42.37,84033.62,99.78,0.0,SABAUDIA
Salgado Filho,paranaense,4075,4090,22.51,965,1.8,,35479.95,100.0,0.0,SALGADO FILHO
Salto do Itararé,paranaense,5192,5214,25.89,766,1.7,,23913.67,99.07,0.0,SALTO DO ITARARE
Salto do Lontra,paranaense,15223,15706,48.68,3675,1.7,6.33,41283.22,99.61,0.0,SALTO DO LONTRA
Santa Amélia,paranaense,3394,3358,43.49,484,2.2,,41703.65,99.06,0.0,SANTA AMELIA
Santa Cecília do Pavão,paranaense,3365,3357,32.02,589,2.0,24.39,53243.98,99.46,0.0,SANTA CECILIA DO PAVAO
Santa Cruz de Monte Castelo,paranaense,8613,8840,19.49,1763,1.8,30.93,44952.45,99.74,0.0,SANTA CRUZ DE MONTE CASTELO
Santa Fé,paranaense,11378,11730,41.19,3502,1.8,7.19,39541.74,99.59,0.0,SANTA FE
Santa Helena,paranaense,25492,26461,33.78,7042,2.5,3.02,64374.87,98.25,102.5,SANTA HELENA
Santa Inês,paranaense,1748,1745,11.14,309,2.2,,48715.71,100.0,0.0,SANTA INES
Santa Isabel do Ivaí,paranaense,8912,9043,25.5,1837,2.1,12.5,32954.62,98.89,11.0,SANTA ISABEL DO IVAI
Santa Izabel do Oeste,paranaense,14070,14462,43.81,3130,2.1,6.13,36537.21,97.49,125.1,SANTA IZABEL DO OESTE
Santa Lúcia,paranaense,3644,3638,28.74,729,2.0,23.26,43410.54,100.0,0.0,SANTA LUCIA
Santa Maria do Oeste,paranaense,9934,9869,11.87,1161,2.3,23.26,35195.52,99.13,0.0,SANTA MARIA DO OESTE
Santa Mariana,paranaense,11066,10941,25.9,2051,2.3,8.85,44999.22,96.01,190.3,SANTA MARIANA
Santa Mônica,paranaense,3356,3361,12.91,619,2.0,30.3,34407.39,98.18,0.0,SANTA MONICA
Santa Tereza do Oeste,paranaense,13174,13938,40.39,3826,2.4,15.38,54145.66,99.26,0.0,SANTA TEREZA DO OESTE
Santa Terezinha de Itaipu,paranaense,24262,25300,90.44,5128,2.1,19.23,31536.73,99.34,0.0,SANTA TEREZINHA DE ITAIPU
Santana do Itararé,paranaense,5514,5646,21.94,880,1.8,,33377.18,99.06,0.0,SANTANA DO ITARARE
Santo Antônio da Platina,paranaense,44369,45628,61.5,13921,1.9,5.21,41422.7,99.04,158.1,SANTO ANTONIO DA PLATINA
Santo Antônio do Caiuá,paranaense,2493,2474,11.38,455,2.1,43.48,28089.38,100.0,240.4,SANTO ANTONIO DO CAIUA
Santo Antônio do Paraíso,paranaense,2125,2088,12.72,469,1.6,,54023.07,100.0,0.0,SANTO ANTONIO DO PARAISO
Santo Antônio do Sudoeste,paranaense,23673,24980,72.69,5794,1.8,14.81,33999.34,98.67,681.7,SANTO ANTONIO DO SUDOESTE
Santo Inácio,paranaense,6181,6463,22.06,4960,2.5,11.9,135370.89,99.22,0.0,SANTO INACIO
São Carlos do Ivaí,paranaense,6587,6727,29.27,2277,2.4,34.88,86205.53,98.2,163.9,SAO CARLOS DO IVAI
São Jerônimo da Serra,paranaense,10830,10884,13.15,1262,2.2,24.69,32253.51,98.72,0.0,SAO JERONIMO DA SERRA
São João,paranaense,11886,12297,30.63,4936,1.5,7.52,102656.75,98.49,0.0,SAO JOAO
São João do Caiuá,paranaense,5586,5607,18.35,849,2.3,,34310.0,98.9,35.6,SAO JOAO DO CAIUA
São João do Ivaí,paranaense,10667,10639,30.19,1953,1.9,23.08,38494.18,100.0,37.4,SAO JOAO DO IVAI
São João do Triunfo,paranaense,13726,13899,19.05,1547,2.4,19.87,63813.74,100.0,0.0,SAO JOAO DO TRIUNFO
São Jorge do Ivaí,paranaense,5168,5170,16.4,1187,2.4,23.26,80750.08,99.4,0.0,SAO JORGE DO IVAI
São Jorge do Patrocínio,paranaense,6504,6690,16.0,1344,2.1,14.08,28172.13,98.46,15.0,SAO JORGE DO PATROCINIO
São Jorge d'Oeste,paranaense,9378,9587,24.71,2927,2.1,8.33,56677.43,100.0,0.0,SAO JORGE D'OESTE
São José da Boa Vista,paranaense,6040,6023,15.11,995,1.8,24.39,38516.72,98.24,16.5,SAO JOSE DA BOA VISTA
São José das Palmeiras,paranaense,3957,4031,21.69,578,2.2,,27716.37,100.0,49.6,SAO JOSE DAS PALMEIRAS
São José dos Pinhais,paranaense,329628,349880,348.28,146637,3.1,7.8,103019.05,99.06,6.7,SAO JOSE DOS PINHAIS
São Manoel do Paraná,paranaense,2138,2176,22.42,665,2.0,90.91,38835.58,92.22,0.0,SAO MANOEL DO PARANA
São Mateus do Sul,paranaense,42366,43490,31.58,13077,2.2,9.86,45653.17,98.93,16.1,SAO MATEUS DO SUL
São Miguel do Iguaçu,paranaense,29122,30416,34.18,8957,2.2,4.89,50972.2,98.88,9.9,SAO MIGUEL DO IGUACU
São Pedro do Iguaçu,paranaense,5784,5730,18.76,825,2.6,12.35,46313.37,99.4,0.0,SAO PEDRO DO IGUACU
São Pedro do Ivaí,paranaense,8690,8514,26.93,2338,2.1,,52135.59,99.39,197.4,SAO PEDRO DO IVAI
São Pedro do Paraná,paranaense,2661,2726,10.62,842,2.1,,41823.02,100.0,0.0,SAO PEDRO DO PARANA
São Sebastião da Amoreira,paranaense,8063,8063,35.54,1571,1.7,11.36,34424.99,100.0,0.0,SAO SEBASTIAO DA AMOREIRA
São Tomé,paranaense,5232,5282,23.93,1090,2.2,,42277.13,99.68,0.0,SAO TOME
Sapopema,paranaense,6695,6778,9.88,1568,2.0,9.9,27337.32,98.32,0.0,SAPOPEMA
Sarandi,paranaense,118455,128106,1144.48,20707,2.1,12.89,20249.8,97.99,1.6,SARANDI
Saudade do Iguaçu,paranaense,6108,6413,40.16,1407,2.8,40.54,187201.61,98.52,0.0,SAUDADE DO IGUACU
Sengés,paranaense,17270,17256,11.98,5983,2.1,11.72,40007.2,99.34,0.0,SENGES
Serranópolis do Iguaçu,paranaense,5007,5161,10.38,930,2.5,,54438.48,99.35,0.0,SERRANOPOLIS DO IGUACU
Sertaneja,paranaense,5616,5654,12.63,1206,2.6,34.48,82925.93,100.0,0.0,SERTANEJA
Sertanópolis,paranaense,15930,16210,31.51,5675,2.0,11.49,54232.95,99.66,6.2,SERTANOPOLIS
Siqueira Campos,paranaense,22811,24031,82.04,9522,1.8,6.15,37311.87,99.32,345.8,SIQUEIRA CAMPOS
Sulina,paranaense,3440,3498,20.15,673,2.5,,55517.17,99.19,0.0,SULINA
Tamarana,paranaense,10707,10540,22.68,2281,2.3,23.39,44325.79,98.02,9.4,TAMARANA
Tamboara,paranaense,4880,4986,25.24,1070,2.3,37.74,37734.73,97.05,0.0,TAMBOARA
Tapejara,paranaense,15869,16326,26.83,5625,2.2,12.42,46073.66,100.0,0.0,TAPEJARA
Tapira,paranaense,5745,5807,13.23,1080,2.1,18.18,32674.36,97.03,0.0,TAPIRA
Teixeira Soares,paranaense,9547,9540,10.57,1940,2.1,23.62,66312.25,99.55,0.0,TEIXEIRA SOARES
Telêmaco Borba,paranaense,75042,77479,54.27,25652,3.0,10.97,85411.18,98.93,1.3,TELEMACO BORBA
Terra Boa,paranaense,17568,18168,54.75,5454,1.9,32.79,40409.98,99.72,22.2,TERRA BOA
Terra Rica,paranaense,14842,14961,21.18,3598,2.3,12.66,36352.67,98.95,73.4,TERRA RICA
Terra Roxa,paranaense,18119,18636,22.63,4309,2.0,20.66,50852.69,99.23,0.0,TERRA ROXA
Tibagi,paranaense,19961,20374,6.7,3668,2.3,3.5,72572.74,99.32,49.3,TIBAGI
Tijucas do Sul,paranaense,17621,18458,26.23,3427,2.1,13.76,31449.71,98.61,10.9,TIJUCAS DO SUL
Toledo,paranaense,150470,160701,125.6,78919,2.3,8.81,63192.47,99.68,30.3,TOLEDO
Tomazina,paranaense,8426,8523,14.25,1535,1.9,11.49,41593.23,98.63,329.6,TOMAZINA
Três Barras do Paraná,paranaense,11135,11157,22.03,2478,2.2,,40731.89,99.24,312.6,TRES BARRAS DO PARANA
Tunas do Paraná,paranaense,6219,6304,9.3,1866,1.9,17.09,22908.32,100.0,0.0,TUNAS DO PARANA
Tuneiras do Oeste,paranaense,8067,8067,11.54,1046,1.7,11.49,36881.29,99.42,0.0,TUNEIRAS DO OESTE
Tupãssi,paranaense,8077,8208,26.94,1573,2.5,27.03,64432.01,98.87,0.0,TUPASSI
Turvo,paranaense,14231,14101,15.16,2907,2.3,14.49,49038.74,99.1,380.8,TURVO
Ubiratã,paranaense,24749,25732,37.92,10654,2.0,5.97,86060.93,99.32,109.7,UBIRATA
Umuarama,paranaense,117095,123059,94.85,45179,2.1,13.13,43528.72,99.19,25.4,UMUARAMA
União da Vitória,paranaense,55033,56560,76.43,19509,2.1,10.25,40400.71,98.74,94.0,UNIAO DA VITORIA
Uniflor,paranaense,2136,2106,22.53,480,2.1,,61640.73,98.34,0.0,UNIFLOR
Uraí,paranaense,10406,10308,43.76,1865,2.0,,37963.93,99.28,76.9,URAI
Ventania,paranaense,9681,9760,11.82,2458,2.0,23.81,39126.52,98.75,0.0,VENTANIA
Vera Cruz do Oeste,paranaense,8215,8178,25.12,1462,2.2,,40852.94,94.61,158.0,VERA CRUZ DO OESTE
Verê,paranaense,7932,8077,25.44,2189,2.1,20.2,76503.8,99.62,49.7,VERE
Virmond,paranaense,3811,3828,15.3,844,2.0,,63389.93,100.0,0.0,VIRMOND
Vitorino,paranaense,9706,10549,31.49,2520,2.1,20.41,65013.87,97.79,0.0,VITORINO
Wenceslau Braz,paranaense,19188,19398,48.22,4866,1.9,22.64,39986.24,100.0,92.6,WENCESLAU BRAZ
Xambrê,paranaense,5798,5835,16.12,972,1.8,,23887.13,99.67,0.0,XAMBRE
